Name,Hash,Id,Tag,Tier,Type,Equippable,Power,Owner,Locked,Equipped,Year,Season,Event,DTR Rating,# of Reviews,Mobility,Recovery,Resilience,Notes,Perks
"Reverie Dawn Helm","4097166900",6917529083913248847,,Legendary,Helmet,titan,603,Titan(609),true,false,2,4,,N/A,N/A,2,0,1,,Mobile Titan Armor*,Mobility Enhancement Mod*,Restorative Mod,Riven's Curse*,Tier 2 Armor*,Burnished Dreams*,Pulse Rifle Targeting*,Light Reactor,Ashes to Assets,Fusion Rifle Reserves,Shotgun Reserves*
"Eternal Warrior","1643575148",6917529079390840137,,Exotic,Helmet,titan,600,Titan(609),true,false,1,3,,N/A,N/A,1,0,2,,Resolute*,Mobility Enhancement Mod*,Restorative Mod,Auto Rifle Targeting,Fusion Rifle Targeting,Enhanced Heavy Lifting*,Linear Fusion Rifle Reserves,Shotgun Reserves*,Nephrite Paragon
"Prodigal Helm","2753581141",6917529083638648522,,Legendary,Helmet,titan,600,Titan(609),true,false,2,4,,N/A,N/A,1,1,1,,Restorative Titan Armor*,Mobility Enhancement Mod*,Restorative Mod,Tier 4 Armor*,Scatter Projectile Targeting*,Machine Gun Targeting,Shotgun Reserves*,Machine Gun Reserves
"Reverie Dawn Gauntlets","2503434573",6917529083387415210,,Legendary,Gauntlets,titan,600,Titan(609),true,false,2,4,,N/A,N/A,1,0,2,,Mobile Titan Armor*,Plasteel Reinforcement Mod*,Restorative Mod,Riven's Curse*,Tier 2 Armor*,Burnished Dreams*,Pulse Rifle Loader*,Submachine Gun Loader,Enhanced Shotgun Loader,Shotgun Scavenger*,Machine Gun Scavenger
"Prodigal Gauntlets","1429424420",6917529078015443092,,Legendary,Gauntlets,titan,606,Titan(609),true,false,2,4,,N/A,N/A,0,1,2,,Restorative Titan Armor*,Plasteel Reinforcement Mod*,Restorative Mod,Tier 1 Armor*,Momentum Transfer*,Power Weapon Loader,Linear Fusion Rifle Scavenger*,Sniper Rifle Scavenger
"Scatterhorn Gauntlets","3066181671",6917529084483126484,,Legendary,Gauntlets,titan,592,Titan(609),false,false,2,4,,N/A,N/A,1,0,2,,Heavy Titan Armor*,Mobility Enhancement Mod*,Plasteel Reinforcement Mod,Tier 4 Armor*,Tangled Rust*,Impact Induction*,Momentum Transfer,Shotgun Scavenger*,Special Ammo Finder
"Vigil of Heroes","1490307366",6917529084384975957,,Legendary,Gauntlets,titan,608,Titan(609),false,false,2,4,,N/A,N/A,2,0,1,,Mobile Titan Armor*,Mobility Enhancement Mod*,Plasteel Reinforcement Mod,Tier 2 Armor*,Vanguard Veteran*,Fastball*,Momentum Transfer,Sniper Rifle Scavenger,Special Ammo Finder*
"Prodigal Cuirass","3850634012",6917529083693769183,,Legendary,Chest Armor,titan,600,Titan(609),true,false,2,4,,N/A,N/A,1,1,2,,Restorative Titan Armor*,Plasteel Reinforcement Mod*,Restorative Mod,Tier 2 Armor*,Unflinching Power Aim,Unflinching Machine Gun*,Scout Rifle Reserves,Special Ammo Finder*
"Scatterhorn Plate","3871458129",6917529084384979314,,Legendary,Chest Armor,titan,607,Titan(609),false,false,2,4,,N/A,N/A,0,2,2,,Heavy Titan Armor*,Plasteel Reinforcement Mod,Restorative Mod*,Tier 2 Armor*,Tangled Rust*,Unflinching Auto Rifle Aim,Unflinching Linear Fusion Aim*,Hand Cannon Reserves,Pulse Rifle Reserves*
"Scatterhorn Plate","3871458129",6917529084384975530,,Legendary,Chest Armor,titan,608,Titan(609),false,false,2,4,,N/A,N/A,0,2,2,,Heavy Titan Armor*,Plasteel Reinforcement Mod,Restorative Mod*,Tier 1 Armor*,Tangled Rust*,Unflinching Auto Rifle Aim*,Unflinching Bow Aim,Auto Rifle Reserves,Pulse Rifle Reserves*
"Prodigal Greaves","3360070350",6917529083656587047,,Legendary,Leg Armor,titan,600,Titan(609),true,false,2,4,,N/A,N/A,2,1,0,,Restorative Titan Armor*,Mobility Enhancement Mod*,Restorative Mod,Tier 1 Armor*,Hand Cannon Dexterity*,Linear Fusion Dexterity,Arrow Scavenger*,Special Ammo Finder
"Tangled Web Greaves","1618341271",6917529081340012417,,Legendary,Leg Armor,titan,600,Titan(609),true,false,2,4,,N/A,N/A,3,1,0,,Restorative Titan Armor*,Mobility Enhancement Mod*,Restorative Mod,Tier 3 Armor*,Traction*,Energy Dexterity,Arrow Scavenger*,Special Ammo Finder
"Vigil of Heroes","1007759904",6917529082580570243,,Legendary,Leg Armor,titan,600,Titan(609),true,false,2,4,,N/A,N/A,2,0,1,,Mobile Titan Armor*,Mobility Enhancement Mod*,Plasteel Reinforcement Mod,Tier 2 Armor*,Vanguard Veteran*,Submachine Gun Dexterity*,Outreach,Auto Rifle Scavenger*,Primary Ammo Finder
"Mark of the Great Hunt","1021341893",6917529082769503270,,Legendary,Titan Mark,titan,600,Titan(609),true,false,2,4,,N/A,N/A,0,0,0,,Tier 1 Armor*,Innervation*,Recuperation,Better Already,Auto Rifle Reserves*,Auto Rifle Scavenger
"Vigil of Heroes","506100699",6917529084388208427,,Legendary,Titan Mark,titan,609,Titan(609),false,false,2,4,,N/A,N/A,0,0,0,,Tier 1 Armor*,Vanguard Veteran*,Insulation,Better Already*,Bow Reserves,Pulse Rifle Scavenger*
"Vigil of Heroes","506100699",6917529083903760261,,Legendary,Titan Mark,titan,602,Titan(609),true,false,2,4,,N/A,N/A,0,0,0,,Tier 2 Armor*,Vanguard Veteran*,Recuperation*,Better Already,Auto Rifle Scavenger*,Arrow Scavenger
"Tangled Web Helm","2982412348",6917529084405295440,,Legendary,Helmet,titan,611,Titan(609),false,true,2,4,,N/A,N/A,1,1,1,,Restorative Titan Armor*,Mobility Enhancement Mod*,Restorative Mod,Tier 2 Armor*,Hand Cannon Targeting*,Pump Action,Sword Reserves*,Machine Gun Reserves
"Ancient Apocalypse Gauntlets","978447246",6917529084474565531,,Legendary,Gauntlets,titan,611,Titan(609),false,true,2,4,,N/A,N/A,1,0,2,,Mobile Titan Armor*,Mobility Enhancement Mod,Plasteel Reinforcement Mod*,Tier 2 Armor*,Gambit Leather*,Hand Cannon Loader,Linear Fusion Rifle Loader*,Grenade Launcher Scavenger,Machine Gun Scavenger*
"Wing Discipline","1063904165",6917529084468985431,,Legendary,Chest Armor,titan,612,Titan(609),false,true,2,4,,N/A,N/A,2,0,2,,Mobile Titan Armor*,Plasteel Reinforcement Mod*,Restorative Mod,Tier 1 Armor*,Crucible Legacy*,Unflinching Linear Fusion Aim*,Unflinching Scout Rifle Aim,Pulse Rifle Reserves*,Sidearm Reserves
"Reverie Dawn Greaves","3174233615",6917529083287136519,,Legendary,Leg Armor,titan,600,Titan(609),true,true,2,4,,N/A,N/A,1,1,1,,Mobile Titan Armor*,Mobility Enhancement Mod,Restorative Mod*,Riven's Curse*,Tier 1 Armor*,Burnished Dreams*,Pulse Rifle Dexterity,Scout Rifle Dexterity,Machine Gun Dexterity*,Pulse Rifle Scavenger*,Sidearm Scavenger
"Prodigal Mark","1266060945",6917529084405300846,,Legendary,Titan Mark,titan,615,Titan(609),false,true,2,4,,N/A,N/A,0,0,0,,Tier 1 Armor*,Insulation*,Better Already,Sniper Rifle Reserves*,Primary Ammo Finder
"Prodigal Mask","4104298449",6917529084171064138,,Legendary,Helmet,hunter,605,Hunter(607),true,false,2,4,,N/A,N/A,1,1,1,,Survivalist Hunter Armor*,Plasteel Reinforcement Mod*,Restorative Mod,Tier 1 Armor*,Kinetic Weapon Targeting*,Power Weapon Targeting,Linear Fusion Rifle Reserves*,Sword Reserves
"Mask of the Great Hunt","3838639757",6917529082769506717,,Legendary,Helmet,hunter,600,Hunter(607),true,false,2,4,,N/A,N/A,1,1,1,,Survivalist Hunter Armor*,Plasteel Reinforcement Mod*,Restorative Mod,Tier 2 Armor*,Pulse Rifle Targeting,Light Reactor*,Ashes to Assets,Fusion Rifle Reserves*,Shotgun Reserves
"Vigil of Heroes","575676771",6917529079830563153,,Legendary,Helmet,hunter,600,Hunter(607),true,false,2,4,,N/A,N/A,1,1,1,,Heavy Hunter Armor*,Plasteel Reinforcement Mod,Restorative Mod*,Tier 2 Armor*,Vanguard Veteran*,Sniper Rifle Targeting*,Remote Connection,Linear Fusion Rifle Reserves*,Special Ammo Finder
"Prodigal Grasps","2762426792",6917529084165344247,,Legendary,Gauntlets,hunter,604,Hunter(607),true,false,2,4,,N/A,N/A,2,1,0,,Survivalist Hunter Armor*,Mobility Enhancement Mod*,Plasteel Reinforcement Mod,Impact Mod*,Tier 2 Armor*,Sniper Rifle Loader*,Impact Induction,Shotgun Scavenger*,Sword Scavenger
"Reverie Dawn Grasps","1705856569",6917529082189308957,,Legendary,Gauntlets,hunter,600,Hunter(607),true,false,2,4,,N/A,N/A,2,1,0,,Survivalist Hunter Armor*,Mobility Enhancement Mod*,Plasteel Reinforcement Mod,Riven's Curse*,Tier 3 Armor*,Burnished Dreams*,Pulse Rifle Loader*,Fastball,Light Arms Loader,Fusion Rifle Scavenger*,Linear Fusion Rifle Scavenger
"Scatterhorn Grasps","218523139",6917529082083928971,,Legendary,Gauntlets,hunter,600,Hunter(607),true,false,2,4,,N/A,N/A,1,0,2,,Heavy Hunter Armor*,Mobility Enhancement Mod,Plasteel Reinforcement Mod*,Tier 1 Armor*,Tangled Rust*,Impact Induction,Kinetic Weapon Loader*,Linear Fusion Rifle Scavenger*,Sniper Rifle Scavenger
"Gwisin Vest","4070560770",6917529082104911142,,Exotic,Chest Armor,hunter,600,Hunter(607),true,false,2,4,,N/A,N/A,2,1,1,,Roving Assassin*,Plasteel Reinforcement Mod,Restorative Mod*,Unflinching Linear Fusion Aim,Unflinching Pulse Rifle Aim,Unflinching Rifle Aim*,Bow Reserves*,Primary Ammo Finder
"Prodigal Vest","2766448160",6917529081781003000,,Legendary,Chest Armor,hunter,600,Hunter(607),true,false,2,4,,N/A,N/A,1,1,2,,Survivalist Hunter Armor*,Plasteel Reinforcement Mod*,Restorative Mod,Tier 1 Armor*,Unflinching Energy Aim*,Unflinching Large Arms,Bow Reserves*,Primary Ammo Finder
"Scatterhorn Vest","307138509",6917529084296211137,,Legendary,Chest Armor,hunter,611,Hunter(607),true,false,2,4,,N/A,N/A,1,0,3,,Heavy Hunter Armor*,Plasteel Reinforcement Mod*,Restorative Mod,Tier 1 Armor*,Tangled Rust*,Unflinching Pulse Rifle Aim*,Unflinching Sidearm Aim,Pulse Rifle Reserves*,Sidearm Reserves
"Ancient Apocalypse Strides","1169857924",6917529084286340610,,Legendary,Leg Armor,hunter,610,Hunter(607),true,false,2,4,,N/A,N/A,3,0,0,,Mobile Hunter Armor*,Mobility Enhancement Mod*,Plasteel Reinforcement Mod,Tier 2 Armor*,Gambit Leather*,Rocket Launcher Dexterity*,Sidearm Dexterity,Auto Rifle Scavenger*,Pulse Rifle Scavenger
"Reverie Dawn Strides","344548395",6917529084197549115,,Legendary,Leg Armor,hunter,606,Hunter(607),true,false,2,4,,N/A,N/A,1,1,1,,Survivalist Hunter Armor*,Mobility Enhancement Mod*,Restorative Mod,Riven's Curse*,Tier 1 Armor*,Burnished Dreams*,Submachine Gun Dexterity*,Outreach,Power Dexterity,Auto Rifle Scavenger*,Scout Rifle Scavenger
"Scatterhorn Strides","2563857333",6917529082370909755,,Legendary,Leg Armor,hunter,600,Hunter(607),true,false,2,4,,N/A,N/A,2,0,1,,Heavy Hunter Armor*,Mobility Enhancement Mod*,Plasteel Reinforcement Mod,Tier 3 Armor*,Tangled Rust*,Sidearm Dexterity,Kinetic Dexterity*,Arrow Scavenger,Scout Rifle Scavenger*
"Vigil of Heroes","3670149407",6917529083907196528,,Legendary,Hunter Cloak,hunter,602,Hunter(607),true,false,2,4,,N/A,N/A,0,0,0,,Tier 2 Armor*,Vanguard Veteran*,Insulation*,Invigoration,Sniper Rifle Scavenger*,Primary Ammo Finder
"Tangled Web Cloak","25091086",6917529082086658925,,Legendary,Hunter Cloak,hunter,600,Hunter(607),true,false,2,4,,N/A,N/A,0,0,0,,Tier 3 Armor*,Insulation*,Better Already,Shotgun Scavenger*,Sword Scavenger
"Vigil of Heroes","3670149407",6917529082580567429,,Legendary,Hunter Cloak,hunter,600,Hunter(607),true,false,2,4,,N/A,N/A,0,0,0,,Tier 3 Armor*,Vanguard Veteran*,Insulation*,Recuperation,Bow Reserves*,Linear Fusion Rifle Reserves
"Tangled Web Mask","4261835528",6917529084188850259,,Legendary,Helmet,hunter,610,Hunter(607),true,true,2,4,,N/A,N/A,1,1,1,,Survivalist Hunter Armor*,Plasteel Reinforcement Mod*,Restorative Mod,Tier 1 Armor*,Submachine Gun Targeting,Hands-On*,Linear Fusion Rifle Reserves*,Sniper Rifle Reserves
"Mechaneer's Tricksleeves","4284305243",6917529084180346083,,Exotic,Gauntlets,hunter,606,Hunter(607),true,true,1,1,,N/A,N/A,3,0,0,,Spring-Loaded Mounting*,Mobility Enhancement Mod*,Plasteel Reinforcement Mod,Pulse Rifle Loader,Fastball,Machine Gun Loader*,Linear Fusion Rifle Scavenger*,Sniper Rifle Scavenger
"Vigil of Heroes","3916064886",6917529084378925438,,Legendary,Chest Armor,hunter,612,Hunter(607),false,true,2,4,,N/A,N/A,1,0,3,,Heavy Hunter Armor*,Plasteel Reinforcement Mod*,Restorative Mod,Tier 3 Armor*,Vanguard Veteran*,Unflinching Scout Rifle Aim*,Unflinching Shotgun Aim,Auto Rifle Reserves*,Pulse Rifle Reserves
"Tangled Web Strides","2206284939",6917529084286334754,,Legendary,Leg Armor,hunter,612,Hunter(607),true,true,2,4,,N/A,N/A,0,2,1,,Survivalist Hunter Armor*,Mobility Enhancement Mod,Restorative Mod*,Tier 1 Armor*,Bow Dexterity*,Pulse Rifle Dexterity,Auto Rifle Scavenger*,Primary Ammo Finder
"Tangled Web Cloak","25091086",6917529084176982536,,Legendary,Hunter Cloak,hunter,608,Hunter(607),true,true,2,4,,N/A,N/A,0,0,0,,Tier 1 Armor*,Insulation,Recuperation*,Fusion Rifle Reserves*,Auto Rifle Scavenger
"Reverie Dawn Hood","185695659",6917529083804245345,,Legendary,Helmet,warlock,600,Warlock(608),true,false,2,4,,N/A,N/A,2,1,0,,Mobile Warlock Armor*,Mobility Enhancement Mod*,Restorative Mod,Riven's Curse*,Tier 1 Armor*,Burnished Dreams*,Light Reactor,Pump Action*,Remote Connection,Linear Fusion Rifle Reserves*,Sniper Rifle Reserves
"Prodigal Hood","2012084760",6917529082658220891,,Legendary,Helmet,warlock,600,Warlock(608),true,false,2,4,,N/A,N/A,1,2,0,,Restorative Warlock Armor*,Mobility Enhancement Mod*,Restorative Mod,Tier 1 Armor*,Shotgun Targeting*,Remote Connection,Linear Fusion Rifle Reserves*,Sword Reserves
"Scatterhorn Hood","2411325265",6917529082377170910,,Legendary,Helmet,warlock,596,Warlock(608),true,false,2,4,,N/A,N/A,0,2,1,,Restorative Warlock Armor*,Plasteel Reinforcement Mod*,Restorative Mod,Tier 2 Armor*,Tangled Rust*,Scout Rifle Targeting,Precision Weapon Targeting*,Shotgun Reserves*,Sniper Rifle Reserves
"Tangled Web Gloves","2502004600",6917529081088107581,,Legendary,Gauntlets,warlock,600,Warlock(608),true,false,2,4,,N/A,N/A,1,2,0,,Restorative Warlock Armor*,Mobility Enhancement Mod*,Plasteel Reinforcement Mod,Tier 2 Armor*,Shotgun Loader*,Impact Induction,Shotgun Scavenger*,Sword Scavenger
"Prodigal Gloves","2475888361",6917529084266016005,,Legendary,Gauntlets,warlock,600,Warlock(608),true,false,2,4,,N/A,N/A,1,2,0,,Restorative Warlock Armor*,Mobility Enhancement Mod*,Plasteel Reinforcement Mod,Tier 1 Armor*,Fastball*,Impact Induction,Sniper Rifle Scavenger*,Heavy Ammo Finder
"Scatterhorn Wraps","1069453608",6917529084014909741,,Legendary,Gauntlets,warlock,602,Warlock(608),true,false,2,4,,N/A,N/A,0,2,1,,Restorative Warlock Armor*,Mobility Enhancement Mod,Plasteel Reinforcement Mod*,Tier 1 Armor*,Tangled Rust*,Bow Reloader,Energy Weapon Loader*,Sword Scavenger,Special Ammo Finder*
"Phoenix Protocol","3488362707",6917529084098134197,,Exotic,Chest Armor,warlock,604,Warlock(608),true,false,2,4,,N/A,N/A,3,1,0,,Battle-Hearth*,Mobility Enhancement Mod*,Restorative Mod,Unflinching Grenade Launcher Aim,Unflinching Linear Fusion Aim*,Enhanced Unflinching Scout Rifle Aim,Sidearm Reserves,Primary Ammo Finder*
"Prodigal Robes","1553407343",6917529084098140141,,Legendary,Chest Armor,warlock,604,Warlock(608),true,false,2,4,,N/A,N/A,1,2,1,,Restorative Warlock Armor*,Mobility Enhancement Mod*,Restorative Mod,Tier 4 Armor*,Unflinching Scout Rifle Aim*,Unflinching Large Arms,Scout Rifle Reserves*,Sidearm Reserves
"Vigil of Heroes","3569624585",6917529084206193655,,Legendary,Chest Armor,warlock,607,Warlock(608),true,false,2,4,,N/A,N/A,0,2,2,,Restorative Warlock Armor*,Plasteel Reinforcement Mod*,Restorative Mod,Tier 1 Armor*,Vanguard Veteran*,Unflinching Pulse Rifle Aim*,Unflinching Power Aim,Auto Rifle Reserves*,Special Ammo Finder
"Ancient Apocalypse Boots","1193646249",6917529084104730206,,Legendary,Leg Armor,warlock,605,Warlock(608),true,false,2,4,,N/A,N/A,1,2,0,,Restorative Warlock Armor*,Mobility Enhancement Mod*,Plasteel Reinforcement Mod,Tier 3 Armor*,Gambit Leather*,Hand Cannon Dexterity*,Rifle Dexterity,Pulse Rifle Scavenger*,Sidearm Scavenger
"Reverie Dawn Boots","188778964",6917529084259071966,,Legendary,Leg Armor,warlock,609,Warlock(608),true,false,2,4,,N/A,N/A,1,1,1,,Mobile Warlock Armor*,Mobility Enhancement Mod,Plasteel Reinforcement Mod*,Riven's Curse*,Tier 2 Armor*,Burnished Dreams*,Submachine Gun Dexterity,Outreach,Rifle Dexterity*,Pulse Rifle Scavenger*,Scout Rifle Scavenger
"Tangled Web Boots","537272242",6917529082498959891,,Legendary,Leg Armor,warlock,600,Warlock(608),true,false,2,4,,N/A,N/A,0,2,1,,Restorative Warlock Armor*,Mobility Enhancement Mod,Plasteel Reinforcement Mod*,Tier 2 Armor*,Light Arms Dexterity,Oversize Weapon Dexterity*,Scout Rifle Scavenger,Special Ammo Finder*
"Vigil of Heroes","1054960580",6917529084012169248,,Legendary,Warlock Bond,warlock,602,Warlock(608),true,false,2,4,,N/A,N/A,0,0,0,,Tier 2 Armor*,Vanguard Veteran*,Insulation*,Innervation,Auto Rifle Reserves*,Hand Cannon Reserves
"Tangled Web Bond","4256272077",6917529084098140624,,Legendary,Warlock Bond,warlock,609,Warlock(608),true,false,2,4,,N/A,N/A,0,0,0,,Tier 1 Armor*,Innervation*,Invigoration,Shotgun Reserves*,Machine Gun Reserves
"Scatterhorn Bond","177829853",6917529084098141146,,Legendary,Warlock Bond,warlock,605,Warlock(608),true,false,2,4,,N/A,N/A,0,0,0,,Tier 1 Armor*,Tangled Rust*,Innervation*,Recuperation,Submachine Gun Scavenger*,Machine Gun Reserves
"Scatterhorn Hood","2411325265",6917529084259070609,,Legendary,Helmet,warlock,608,Warlock(608),true,true,2,4,,N/A,N/A,0,2,1,,Restorative Warlock Armor*,Plasteel Reinforcement Mod*,Restorative Mod,Tier 1 Armor*,Tangled Rust*,Ashes to Assets*,Precision Weapon Targeting,Heavy Ammo Finder*,Machine Gun Reserves
"Prodigal Gloves","2475888361",6917529084215028341,,Legendary,Gauntlets,warlock,611,Warlock(608),true,true,2,4,,N/A,N/A,0,2,1,,Restorative Warlock Armor*,Mobility Enhancement Mod,Plasteel Reinforcement Mod*,Tier 2 Armor*,Fastball*,Momentum Transfer,Sniper Rifle Scavenger*,Sword Scavenger
"Wing Theorem","997903134",6917529084278153792,,Legendary,Chest Armor,warlock,613,Warlock(608),true,true,2,4,,N/A,N/A,2,1,1,,Mobile Warlock Armor*,Plasteel Reinforcement Mod*,Restorative Mod,Tier 1 Armor*,Crucible Legacy*,Unflinching Fusion Rifle Aim*,Unflinching Sidearm Aim,Sidearm Reserves*,Submachine Gun Reserves
"Vigil of Heroes","2592351697",6917529084378930343,,Legendary,Leg Armor,warlock,613,Warlock(608),false,true,2,4,,N/A,N/A,1,2,0,,Restorative Warlock Armor*,Mobility Enhancement Mod*,Plasteel Reinforcement Mod,Tier 1 Armor*,Vanguard Veteran*,Rifle Dexterity*,Oversize Weapon Dexterity,Sidearm Scavenger*,Special Ammo Finder
"Reverie Dawn Bond","3602032567",6917529084256199146,,Legendary,Warlock Bond,warlock,611,Warlock(608),true,true,2,4,,N/A,N/A,0,0,0,,Riven's Curse*,Tier 2 Armor*,Burnished Dreams*,Insulation*,Innervation,Recuperation,Hand Cannon Scavenger*,Sidearm Scavenger
"Prodigal Cuirass","3850634012",6917529072457614365,,Legendary,Chest Armor,titan,600,Vault,true,false,2,4,,N/A,N/A,1,1,2,,Restorative Titan Armor*,Plasteel Reinforcement Mod*,Restorative Mod,Tier 1 Armor*,Unflinching Auto Rifle Aim*,Unflinching Fusion Rifle Aim,Auto Rifle Reserves*,Sidearm Reserves
"Vigil of Heroes","1514863327",6917529082183031582,,Legendary,Helmet,titan,581,Vault,true,false,2,4,,N/A,N/A,1,0,2,,Mobile Titan Armor*,Plasteel Reinforcement Mod*,Restorative Mod,Tier 2 Armor*,Vanguard Veteran*,Shotgun Targeting*,Remote Connection,Special Ammo Finder*,Heavy Ammo Finder
"Tangled Web Hood","1664085089",6917529073553435438,,Legendary,Helmet,warlock,521,Vault,true,false,2,4,,N/A,N/A,1,2,0,,Restorative Warlock Armor*,Mobility Enhancement Mod*,Restorative Mod,Tier 1 Armor*,Fusion Rifle Targeting,Hands-On*,Sword Reserves,Special Ammo Finder*
"Reverie Dawn Greaves","3174233615",6917529071466169514,,Legendary,Leg Armor,titan,515,Vault,true,false,2,4,,N/A,N/A,2,0,1,,Mobile Titan Armor*,Mobility Enhancement Mod*,Restorative Mod,Riven's Curse*,Tier 1 Armor*,Burnished Dreams*,Bow Dexterity*,Kinetic Dexterity,Enhanced Bomber,Sidearm Scavenger*,Submachine Gun Scavenger
"Tangled Web Mark","919186882",6917529080485380479,,Legendary,Titan Mark,titan,597,Vault,true,false,2,4,,N/A,N/A,0,0,0,,Tier 2 Armor*,New Monarchy Regalia*,Insulation*,Better Already,Pulse Rifle Scavenger*,Sidearm Scavenger
"Tangled Web Greaves","1618341271",6917529072398245281,,Legendary,Leg Armor,titan,516,Vault,true,false,2,4,,N/A,N/A,2,1,0,,Restorative Titan Armor*,Mobility Enhancement Mod*,Restorative Mod,Tier 1 Armor*,Grenade Launcher Dexterity*,Rifle Dexterity,Primary Ammo Finder*,Special Ammo Finder
"Tangled Web Boots","537272242",6917529073592416434,,Legendary,Leg Armor,warlock,528,Vault,true,false,2,4,,N/A,N/A,0,2,1,,Restorative Warlock Armor*,Mobility Enhancement Mod,Plasteel Reinforcement Mod*,Tier 1 Armor*,Grenade Launcher Dexterity*,Traction,Auto Rifle Scavenger,Primary Ammo Finder*
"Bond of Reciprocity","82115767",6917529083278147423,,Legendary,Warlock Bond,warlock,10,Vault,true,false,2,undefined,,N/A,N/A,0,0,0,,Tier 2 Armor*,Innervation*,Submachine Gun Reserves*
"Dragonfly Regalia Vest","190167440",6917529068672939430,,Legendary,Chest Armor,hunter,10,Vault,true,false,2,4,,N/A,N/A,2,0,2,,Tier 3 Armor*,Mobile Hunter Armor*,Plasteel Reinforcement Mod*,Restorative Mod,Unflinching Auto Rifle Aim*,Unflinching Grenade Launcher Aim,Pulse Rifle Reserves*,Submachine Gun Reserves
"Scorned Baron Plate","1349281425",6917529066891565971,,Legendary,Chest Armor,titan,500,Vault,true,false,2,4,,N/A,N/A,1,1,3,,Heavy Titan Armor*,Plasteel Reinforcement Mod*,Restorative Mod,Mobility Mod*,Tier 2 Armor*,Unflinching Large Arms*,Special Ammo Finder*
"Wing Discipline","2555965565",6917529068260998973,,Legendary,Leg Armor,titan,517,Vault,true,false,2,4,,N/A,N/A,2,0,1,,Mobile Titan Armor*,Mobility Enhancement Mod*,Plasteel Reinforcement Mod,Tier 2 Armor*,Crucible Legacy*,Outreach*,Kinetic Dexterity,Hand Cannon Scavenger*,Sidearm Scavenger
"Memory of Cayde","1014677029",6917529069742796222,,Legendary,Warlock Bond,warlock,500,Vault,true,false,2,4,,N/A,N/A,0,0,0,,Ordnance Mod*,Tier 2 Armor*,Innervation*,Heavy Ammo Finder*
"Prodigal Gloves","2475888361",6917529080970238982,,Legendary,Gauntlets,warlock,582,Vault,true,false,2,4,,N/A,N/A,1,2,0,,Restorative Warlock Armor*,Mobility Enhancement Mod*,Plasteel Reinforcement Mod,Tier 2 Armor*,Light Arms Loader*,Rifle Loader,Fusion Rifle Scavenger*,Linear Fusion Rifle Scavenger
"Verity's Brow","2897117448",6917529065234670921,,Exotic,Helmet,warlock,340,Vault,true,false,1,3,,N/A,N/A,1,2,0,,The Fourth Magic*,Mobility Enhancement Mod*,Restorative Mod,Bow Targeting*,Hand Cannon Targeting,Hands-On,Shotgun Reserves*,Heavy Ammo Finder
"Scatterhorn Hood","2411325265",6917529069889547227,,Legendary,Helmet,warlock,500,Vault,true,false,2,4,,N/A,N/A,0,2,1,,Restorative Warlock Armor*,Plasteel Reinforcement Mod*,Restorative Mod,Tier 4 Armor*,Tangled Rust*,Auto Rifle Targeting,Ashes to Assets*,Shotgun Reserves,Sniper Rifle Reserves*
"Reverie Dawn Hauberk","1593474975",6917529082204147112,,Legendary,Chest Armor,hunter,600,Vault,true,false,2,4,,N/A,N/A,1,2,1,,Survivalist Hunter Armor*,Plasteel Reinforcement Mod,Restorative Mod*,Riven's Curse*,Tier 4 Armor*,Burnished Dreams*,Unflinching Hand Cannon Aim,Unflinching Pulse Rifle Aim*,Unflinching Large Arms,Scout Rifle Reserves,Primary Ammo Finder*
"One-Eyed Mask","3918600864",6917529080482590137,,Exotic,Helmet,titan,600,Vault,true,false,2,4,,N/A,N/A,1,1,1,,Vengeance*,Mobility Enhancement Mod*,Restorative Mod,Auto Rifle Targeting,Ashes to Assets,Scatter Projectile Targeting*,Rocket Launcher Reserves*,Heavy Ammo Finder
"Reverie Dawn Grasps","1705856569",6917529084194602556,,Legendary,Gauntlets,hunter,588,Vault,true,false,2,4,,N/A,N/A,2,1,0,,Survivalist Hunter Armor*,Mobility Enhancement Mod*,Plasteel Reinforcement Mod,Riven's Curse*,Tier 2 Armor*,Burnished Dreams*,Fastball*,Impact Induction,Enhanced Hand Cannon Loader,Grenade Launcher Scavenger*,Shotgun Scavenger
"Prodigal Gauntlets","1429424420",6917529071529882002,,Legendary,Gauntlets,titan,513,Vault,true,false,2,4,,N/A,N/A,0,1,2,,Restorative Titan Armor*,Plasteel Reinforcement Mod*,Restorative Mod,Tier 1 Armor*,Rocket Launcher Loader*,Impact Induction,Grenade Launcher Scavenger*,Heavy Ammo Finder
"Prodigal Steps","2767830203",6917529073598429365,,Legendary,Leg Armor,warlock,509,Vault,true,false,2,4,,N/A,N/A,1,2,0,,Restorative Warlock Armor*,Mobility Enhancement Mod*,Plasteel Reinforcement Mod,Tier 2 Armor*,Bow Dexterity*,Kinetic Dexterity,Hand Cannon Scavenger*,Pulse Rifle Scavenger
"Scatterhorn Grasps","218523139",6917529065086680834,,Legendary,Gauntlets,hunter,381,Vault,true,false,2,4,,N/A,N/A,1,0,2,,Heavy Hunter Armor*,Mobility Enhancement Mod,Plasteel Reinforcement Mod*,Tier 1 Armor*,Tangled Rust*,Momentum Transfer*,Large Weapon Loader,Fusion Rifle Scavenger*,Grenade Launcher Scavenger
"Tangled Web Cloak","25091086",6917529082580566895,,Legendary,Hunter Cloak,hunter,576,Vault,true,false,2,4,,N/A,N/A,0,0,0,,Tier 1 Armor*,Invigoration*,Recuperation,Arrow Scavenger*,Submachine Gun Scavenger
"Prodigal Cloak","1693706589",6917529081340015593,,Legendary,Hunter Cloak,hunter,576,Vault,true,false,2,4,,N/A,N/A,0,0,0,,Tier 1 Armor*,Recuperation*,Better Already,Sniper Rifle Reserves*,Sword Scavenger
"Dragonfly Regalia Helm","1961788365",6917529079147386076,,Legendary,Helmet,titan,10,Vault,true,false,2,4,,N/A,N/A,1,1,1,,Tier 1 Armor*,Restorative Titan Armor*,Mobility Enhancement Mod*,Restorative Mod,Fusion Rifle Targeting*,Energy Weapon Targeting,Linear Fusion Rifle Reserves*,Heavy Ammo Finder
"Scatterhorn Greaves","2243444841",6917529068092344057,,Legendary,Leg Armor,titan,600,Vault,true,false,2,4,,N/A,N/A,1,0,2,,Heavy Titan Armor*,Mobility Enhancement Mod*,Plasteel Reinforcement Mod,Tier 1 Armor*,Tangled Rust*,Shotgun Dexterity*,Kinetic Dexterity,Pulse Rifle Scavenger*,Scout Rifle Scavenger
"Prodigal Cloak","1693706589",6917529084304815372,,Legendary,Hunter Cloak,hunter,593,Vault,true,false,2,4,,N/A,N/A,0,0,0,,Tier 1 Armor*,Invigoration*,Recuperation,Submachine Gun Reserves*,Grenade Launcher Scavenger
"Reverie Dawn Gauntlets","2503434573",6917529081431323395,,Legendary,Gauntlets,titan,583,Vault,true,false,2,4,,N/A,N/A,1,1,1,,Mobile Titan Armor*,Plasteel Reinforcement Mod,Restorative Mod*,Riven's Curse*,Tier 1 Armor*,Burnished Dreams*,Shotgun Loader*,Impact Induction,Enhanced Impact Induction,Linear Fusion Rifle Scavenger*,Sword Scavenger
"Scatterhorn Robe","1250571424",6917529069883271736,,Legendary,Chest Armor,warlock,500,Vault,true,false,2,4,,N/A,N/A,0,2,2,,Restorative Warlock Armor*,Plasteel Reinforcement Mod*,Restorative Mod,Tier 3 Armor*,Tangled Rust*,Unflinching Light Arms Aim*,Unflinching Large Arms,Pulse Rifle Reserves*,Scout Rifle Reserves
"Prodigal Gauntlets","1429424420",6917529070974034073,,Legendary,Gauntlets,titan,530,Vault,true,false,2,4,,N/A,N/A,0,1,2,,Restorative Titan Armor*,Plasteel Reinforcement Mod*,Restorative Mod,Tier 2 Armor*,Linear Fusion Rifle Loader*,Impact Induction,Linear Fusion Rifle Scavenger*,Rocket Launcher Scavenger
"Prodigal Gloves","2475888361",6917529084014909721,,Legendary,Gauntlets,warlock,584,Vault,true,false,2,4,,N/A,N/A,1,2,0,,Restorative Warlock Armor*,Mobility Enhancement Mod*,Plasteel Reinforcement Mod,Tier 1 Armor*,Hand Cannon Loader*,Fastball,Linear Fusion Rifle Scavenger*,Rocket Launcher Scavenger
"Tangled Web Cloak","25091086",6917529082101708049,,Legendary,Hunter Cloak,hunter,577,Vault,true,false,2,4,,N/A,N/A,0,0,0,,Tier 1 Armor*,Invigoration*,Better Already,Auto Rifle Reserves*,Hand Cannon Scavenger
"Lucky Pants","1245809812",6917529080396509480,,Exotic,Leg Armor,hunter,573,Vault,true,false,1,1,,N/A,N/A,2,0,1,,Illegally Modded Holster*,Mobility Enhancement Mod*,Plasteel Reinforcement Mod,Deep Pockets,Auto Rifle Dexterity*,Submachine Gun Dexterity,Light Arms Dexterity,Auto Rifle Scavenger*,Hand Cannon Scavenger
"Wing Discipline","2124666626",6917529071009559394,,Legendary,Helmet,titan,526,Vault,true,false,2,4,,N/A,N/A,1,0,2,,Mobile Titan Armor*,Plasteel Reinforcement Mod*,Restorative Mod,Tier 1 Armor*,Crucible Legacy*,Energy Weapon Targeting*,Precision Weapon Targeting,Shotgun Reserves*,Special Ammo Finder
"Scatterhorn Hood","2411325265",6917529078868949370,,Legendary,Helmet,warlock,536,Vault,true,false,2,4,,N/A,N/A,0,2,1,,Restorative Warlock Armor*,Plasteel Reinforcement Mod*,Restorative Mod,Tier 2 Armor*,Tangled Rust*,Power Weapon Targeting*,Precision Weapon Targeting,Grenade Launcher Reserves*,Rocket Launcher Reserves
"Aeon Safe","1906855381",6917529070271433021,,Exotic,Gauntlets,titan,522,Vault,true,false,1,2,,N/A,N/A,1,0,3,,Aeon Energy*,Mobility Enhancement Mod,Plasteel Reinforcement Mod*,Hand Cannon Loader,Light Arms Loader*,Enhanced Hand Cannon Loader,Sword Scavenger,Heavy Ammo Finder*
"Vigil of Heroes","3916064886",6917529080725173947,,Legendary,Chest Armor,hunter,583,Vault,true,false,2,4,,N/A,N/A,1,0,3,,Heavy Hunter Armor*,Plasteel Reinforcement Mod*,Restorative Mod,Tier 1 Armor*,Vanguard Veteran*,Unflinching Shotgun Aim*,Unflinching Sidearm Aim,Hand Cannon Reserves,Special Ammo Finder*
"Liminal Voyager Gloves","4050120691",6917529081102371403,,Legendary,Gauntlets,warlock,10,Vault,true,false,2,4,Festival of the Lost,N/A,N/A,1,2,0,,Tier 1 Armor*,Restorative Warlock Armor*,Mobility Enhancement Mod*,Plasteel Reinforcement Mod,Impact Induction*,Light Arms Loader,Sniper Rifle Scavenger*,Heavy Ammo Finder
"Prodigal Gauntlets","1429424420",6917529082005767893,,Legendary,Gauntlets,titan,577,Vault,true,false,2,4,,N/A,N/A,0,1,2,,Restorative Titan Armor*,Plasteel Reinforcement Mod*,Restorative Mod,Tier 1 Armor*,Linear Fusion Rifle Loader*,Sidearm Loader,Rocket Launcher Scavenger*,Special Ammo Finder
"Dragonfly Regalia Mandible","3516622758",6917529080806474571,,Legendary,Helmet,warlock,10,Vault,true,false,2,4,,N/A,N/A,1,2,0,,Tier 1 Armor*,Restorative Warlock Armor*,Mobility Enhancement Mod*,Restorative Mod,Auto Rifle Targeting*,Light Reactor,Shotgun Reserves*,Special Ammo Finder
"Tangled Web Gauntlets","42219189",6917529079145312640,,Legendary,Gauntlets,titan,548,Vault,true,false,2,4,,N/A,N/A,0,1,2,,Restorative Titan Armor*,Plasteel Reinforcement Mod*,Restorative Mod,Tier 1 Armor*,Shotgun Loader*,Impact Induction,Shotgun Scavenger*,Sniper Rifle Scavenger
"Prodigal Robes","1553407343",6917529073545275563,,Legendary,Chest Armor,warlock,520,Vault,true,false,2,4,,N/A,N/A,1,2,1,,Restorative Warlock Armor*,Mobility Enhancement Mod*,Restorative Mod,Tier 1 Armor*,Unflinching Shotgun Aim*,Unflinching Sidearm Aim,Scout Rifle Reserves,Primary Ammo Finder*
"Dragonfly Regalia Robes","4118548161",6917529069742801386,,Legendary,Chest Armor,warlock,10,Vault,true,false,2,4,,N/A,N/A,1,2,1,,Tier 1 Armor*,Restorative Warlock Armor*,Mobility Enhancement Mod*,Restorative Mod,Unflinching Auto Rifle Aim*,Unflinching Rifle Aim,Sidearm Reserves*,Special Ammo Finder
"Mask of the Quiet One","197761152",6917529083788473785,,Exotic,Helmet,titan,600,Vault,true,false,1,1,,N/A,N/A,1,0,2,,Dreaded Visage*,Mobility Enhancement Mod*,Restorative Mod,Remote Connection,Power Weapon Targeting,Enhanced Sniper Rifle Targeting*,Linear Fusion Rifle Reserves,Sniper Rifle Reserves*
"Prodigal Gauntlets","1429424420",6917529078337575131,,Legendary,Gauntlets,titan,541,Vault,true,false,2,4,,N/A,N/A,0,1,2,,Restorative Titan Armor*,Plasteel Reinforcement Mod*,Restorative Mod,Tier 1 Armor*,Sniper Rifle Loader*,Light Arms Loader,Shotgun Scavenger,Sniper Rifle Scavenger*
"Prodigal Gauntlets","1429424420",6917529072133502178,,Legendary,Gauntlets,titan,503,Vault,true,false,2,4,,N/A,N/A,0,1,2,,Restorative Titan Armor*,Plasteel Reinforcement Mod*,Restorative Mod,Tier 1 Armor*,Momentum Transfer*,Rifle Loader,Special Ammo Finder*,Heavy Ammo Finder
"Tangled Web Mask","4261835528",6917529079633081563,,Legendary,Helmet,hunter,536,Vault,true,false,2,4,,N/A,N/A,1,1,1,,Survivalist Hunter Armor*,Plasteel Reinforcement Mod*,Restorative Mod,Tier 1 Armor*,Pulse Rifle Targeting*,Pump Action,Grenade Launcher Reserves*,Sniper Rifle Reserves
"Memory of Cayde Mark","3544711340",6917529066932981248,,Legendary,Titan Mark,titan,500,Vault,true,false,2,4,,N/A,N/A,0,0,0,,Impact Mod*,Tier 2 Armor*,Invigoration*,Heavy Ammo Finder*
"Prodigal Mark","1266060945",6917529081760539874,,Legendary,Titan Mark,titan,585,Vault,true,false,2,4,,N/A,N/A,0,0,0,,Tier 1 Armor*,Innervation*,Better Already,Pulse Rifle Scavenger*,Special Ammo Finder
"Dragonfly Regalia Boots","44150041",6917529066371499246,,Legendary,Leg Armor,warlock,10,Vault,true,false,2,4,,N/A,N/A,1,2,0,,Tier 3 Armor*,Restorative Warlock Armor*,Mobility Enhancement Mod*,Plasteel Reinforcement Mod,Dynamo*,Arrow Scavenger*
"Scatterhorn Greaves","2243444841",6917529082754703172,,Legendary,Leg Armor,titan,578,Vault,true,false,2,4,,N/A,N/A,1,0,2,,Heavy Titan Armor*,Mobility Enhancement Mod*,Plasteel Reinforcement Mod,Tier 3 Armor*,Tangled Rust*,Scout Rifle Dexterity*,Submachine Gun Dexterity,Scout Rifle Scavenger*,Submachine Gun Scavenger
"Prodigal Helm","2753581141",6917529080330417986,,Legendary,Helmet,titan,590,Vault,true,false,2,4,,N/A,N/A,0,2,1,,Restorative Titan Armor*,Mobility Enhancement Mod,Restorative Mod*,Tier 2 Armor*,Fusion Rifle Targeting*,Light Reactor,Fusion Rifle Reserves*,Rocket Launcher Reserves
"Prodigal Greaves","3360070350",6917529067820148250,,Legendary,Leg Armor,titan,500,Vault,true,false,2,4,,N/A,N/A,2,1,0,,Restorative Titan Armor*,Mobility Enhancement Mod*,Restorative Mod,Tier 2 Armor*,Auto Rifle Dexterity*,Perpetuation,Sidearm Scavenger*,Special Ammo Finder
"Scatterhorn Helm","1862088022",6917529083626862620,,Legendary,Helmet,titan,600,Vault,true,false,2,4,,N/A,N/A,0,0,3,,Heavy Titan Armor*,Plasteel Reinforcement Mod*,Restorative Mod,Tier 2 Armor*,Tangled Bronze*,Bow Targeting*,Remote Connection,Linear Fusion Rifle Reserves*,Heavy Ammo Finder
"Prodigal Greaves","3360070350",6917529071793764515,,Legendary,Leg Armor,titan,516,Vault,true,false,2,4,,N/A,N/A,2,1,0,,Restorative Titan Armor*,Mobility Enhancement Mod*,Restorative Mod,Tier 2 Armor*,Sidearm Dexterity*,Bomber,Arrow Scavenger*,Primary Ammo Finder
"Reverie Dawn Greaves","3174233615",6917529070921449084,,Legendary,Leg Armor,titan,506,Vault,true,false,2,4,,N/A,N/A,2,0,1,,Mobile Titan Armor*,Mobility Enhancement Mod*,Restorative Mod,Riven's Curse*,Tier 1 Armor*,Burnished Dreams*,Pulse Rifle Dexterity*,Perpetuation,Power Dexterity,Pulse Rifle Scavenger*,Scout Rifle Scavenger
"Prodigal Hood","2012084760",6917529073583079905,,Legendary,Helmet,warlock,504,Vault,true,false,2,4,,N/A,N/A,1,2,0,,Restorative Warlock Armor*,Mobility Enhancement Mod*,Restorative Mod,Tier 2 Armor*,Linear Fusion Rifle Targeting*,Heavy Lifting,Fusion Rifle Reserves*,Grenade Launcher Reserves
"Prodigal Mark","1266060945",6917529083112180682,,Legendary,Titan Mark,titan,584,Vault,true,false,2,4,,N/A,N/A,0,0,0,,Tier 1 Armor*,Insulation*,Recuperation,Fusion Rifle Reserves*,Sniper Rifle Reserves
"Tangled Web Hood","1664085089",6917529081425153763,,Legendary,Helmet,warlock,565,Vault,true,false,2,4,,N/A,N/A,1,2,0,,Restorative Warlock Armor*,Mobility Enhancement Mod*,Restorative Mod,Tier 1 Armor*,Scout Rifle Targeting*,Sidearm Targeting,Sword Reserves*,Heavy Ammo Finder
"Apotheosis Veil","3897389303",6917529077695454787,,Exotic,Helmet,warlock,512,Vault,true,false,1,3,,N/A,N/A,1,1,1,,Insatiable*,Mobility Enhancement Mod*,Restorative Mod,Auto Rifle Targeting*,Submachine Gun Targeting,Remote Connection,Fusion Rifle Reserves*,Linear Fusion Rifle Reserves
"Scatterhorn Helm","1862088022",6917529082003092182,,Legendary,Helmet,titan,600,Vault,true,false,2,4,,N/A,N/A,0,0,3,,Heavy Titan Armor*,Plasteel Reinforcement Mod*,Restorative Mod,Tier 2 Armor*,Tangled Rust*,Hand Cannon Targeting,Scatter Projectile Targeting*,Fusion Rifle Reserves,Special Ammo Finder*
"Tangled Web Mark","919186882",6917529081676441797,,Legendary,Titan Mark,titan,579,Vault,true,false,2,4,,N/A,N/A,0,0,0,,Tier 1 Armor*,Insulation*,Innervation,Fusion Rifle Reserves*,Scout Rifle Scavenger
"Tangled Web Helm","2982412348",6917529083641794826,,Legendary,Helmet,titan,582,Vault,true,false,2,4,,N/A,N/A,1,1,1,,Restorative Titan Armor*,Mobility Enhancement Mod*,Restorative Mod,Tier 3 Armor*,Shotgun Targeting*,Energy Weapon Targeting,Shotgun Reserves*,Sniper Rifle Reserves
"Celestial Nighthawk","1667080810",6917529082766425059,,Exotic,Helmet,hunter,580,Vault,true,false,1,1,,N/A,N/A,1,1,1,,Hawkeye Hack*,Plasteel Reinforcement Mod,Restorative Mod*,Pulse Rifle Targeting*,Special Ammo Finder*,Victorian Silverhawk
"Reverie Dawn Casque","2824453288",6917529082201145060,,Legendary,Helmet,hunter,582,Vault,true,false,2,4,,N/A,N/A,1,1,1,,Survivalist Hunter Armor*,Plasteel Reinforcement Mod*,Restorative Mod,Riven's Curse*,Tier 2 Armor*,Burnished Dreams*,Scout Rifle Targeting*,Precision Weapon Targeting,Enhanced Sniper Rifle Targeting,Linear Fusion Rifle Reserves*,Sniper Rifle Reserves
"Prodigal Greaves","3360070350",6917529083632540139,,Legendary,Leg Armor,titan,579,Vault,true,false,2,4,,N/A,N/A,2,1,0,,Restorative Titan Armor*,Mobility Enhancement Mod*,Restorative Mod,Tier 1 Armor*,Kinetic Dexterity*,Rifle Dexterity,Scout Rifle Scavenger*,Sidearm Scavenger
"Prodigal Cuirass","3850634012",6917529071804643160,,Legendary,Chest Armor,titan,600,Vault,true,false,2,4,,N/A,N/A,1,1,2,,Restorative Titan Armor*,Plasteel Reinforcement Mod*,Restorative Mod,Tier 1 Armor*,Unflinching Sidearm Aim,Unflinching Light Arms Aim*,Pulse Rifle Reserves,Primary Ammo Finder*
"Reverie Dawn Plate","4070309619",6917529081988364058,,Legendary,Chest Armor,titan,583,Vault,true,false,2,4,,N/A,N/A,2,0,2,,Mobile Titan Armor*,Plasteel Reinforcement Mod*,Restorative Mod,Riven's Curse*,Tier 2 Armor*,Burnished Dreams*,Unflinching Submachine Gun Aim*,Unflinching Kinetic Aim,Unflinching Rifle Aim,Hand Cannon Reserves*,Scout Rifle Reserves
"Tangled Web Mask","4261835528",6917529080982231889,,Legendary,Helmet,hunter,556,Vault,true,false,2,4,,N/A,N/A,1,1,1,,Survivalist Hunter Armor*,Plasteel Reinforcement Mod*,Restorative Mod,Tier 2 Armor*,Shotgun Targeting*,Precision Weapon Targeting,Linear Fusion Rifle Reserves*,Sword Reserves
"Vigil of Heroes","506100699",6917529083280720038,,Legendary,Titan Mark,titan,600,Vault,true,false,2,4,,N/A,N/A,0,0,0,,Tier 1 Armor*,Vanguard Veteran*,Invigoration*,Recuperation,Scout Rifle Reserves*,Shotgun Reserves
"Reverie Dawn Strides","344548395",6917529084200469003,,Legendary,Leg Armor,hunter,590,Vault,true,false,2,4,,N/A,N/A,1,1,1,,Survivalist Hunter Armor*,Mobility Enhancement Mod*,Restorative Mod,Riven's Curse*,Tier 4 Armor*,Burnished Dreams*,Grenade Launcher Dexterity*,Scout Rifle Dexterity,Bomber,Auto Rifle Scavenger*,Submachine Gun Scavenger
"Tangled Web Bond","4256272077",6917529082502015692,,Legendary,Warlock Bond,warlock,578,Vault,true,false,2,4,,N/A,N/A,0,0,0,,Tier 1 Armor*,Insulation*,Innervation,Scout Rifle Reserves*,Primary Ammo Finder
"Prodigal Mask","4104298449",6917529080985467376,,Legendary,Helmet,hunter,587,Vault,true,false,2,4,,N/A,N/A,1,2,0,,Survivalist Hunter Armor*,Plasteel Reinforcement Mod,Restorative Mod*,Tier 1 Armor*,Heavy Lifting*,Precision Weapon Targeting,Linear Fusion Rifle Reserves*,Shotgun Reserves
"Iron Remembrance Greaves","3899385447",6917529072791464689,,Legendary,Leg Armor,titan,520,Vault,true,false,2,4,,N/A,N/A,1,0,2,,Heavy Titan Armor*,Mobility Enhancement Mod*,Plasteel Reinforcement Mod,Tier 2 Armor*,Rusted Iron*,Rocket Launcher Dexterity*,Oversize Weapon Dexterity,Hand Cannon Scavenger*,Scout Rifle Scavenger
"Scatterhorn Bond","177829853",6917529080806476801,,Legendary,Warlock Bond,warlock,578,Vault,true,false,2,4,,N/A,N/A,0,0,0,,Tier 2 Armor*,Tangled Rust*,Innervation*,Invigoration,Pulse Rifle Scavenger*,Sword Scavenger
"Scatterhorn Bond","177829853",6917529082663759263,,Legendary,Warlock Bond,warlock,579,Vault,true,false,2,4,,N/A,N/A,0,0,0,,Impact Mod*,Tier 1 Armor*,Tangled Rust*,Innervation*,Better Already,Fusion Rifle Reserves*,Shotgun Reserves
"Scatterhorn Cloak","2757593792",6917529081799006267,,Legendary,Hunter Cloak,hunter,596,Vault,true,false,2,4,,N/A,N/A,0,0,0,,Tier 2 Armor*,Tangled Bronze*,Innervation*,Invigoration,Submachine Gun Scavenger*,Primary Ammo Finder
"Vigil of Heroes","2592351697",6917529073562138930,,Legendary,Leg Armor,warlock,521,Vault,true,false,2,4,,N/A,N/A,0,2,1,,Restorative Warlock Armor*,Mobility Enhancement Mod,Plasteel Reinforcement Mod*,Tier 3 Armor*,Vanguard Veteran*,Linear Fusion Dexterity,Pulse Rifle Dexterity*,Hand Cannon Scavenger,Special Ammo Finder*
"Dragonfly Regalia Wings","3412289997",6917529068587595583,,Legendary,Hunter Cloak,hunter,10,Vault,true,false,2,4,,N/A,N/A,0,0,0,,Tier 3 Armor*,Insulation*,Invigoration,Submachine Gun Reserves*,Scout Rifle Scavenger
"Tangled Web Vest","2648545535",6917529079518690753,,Legendary,Chest Armor,hunter,555,Vault,true,false,2,4,,N/A,N/A,1,2,1,,Survivalist Hunter Armor*,Plasteel Reinforcement Mod,Restorative Mod*,Tier 2 Armor*,Unflinching Auto Rifle Aim*,Unflinching Scout Rifle Aim,Auto Rifle Reserves,Special Ammo Finder*
"Plate of the Great Hunt","3614211816",6917529080260394879,,Legendary,Chest Armor,titan,592,Vault,true,false,2,4,,N/A,N/A,2,1,1,,Mobile Titan Armor*,Plasteel Reinforcement Mod,Restorative Mod*,Tier 2 Armor*,Unflinching Pulse Rifle Aim*,Unflinching Kinetic Aim,Unflinching Large Arms,Auto Rifle Reserves*,Hand Cannon Reserves
"Iron Remembrance Helm","485774636",6917529072797223613,,Legendary,Helmet,titan,518,Vault,true,false,2,4,,N/A,N/A,0,0,3,,Heavy Titan Armor*,Plasteel Reinforcement Mod*,Restorative Mod,Tier 1 Armor*,Rusted Iron*,Hands-On*,Pump Action,Linear Fusion Rifle Reserves*,Heavy Ammo Finder
"Prodigal Greaves","3360070350",6917529072805381657,,Legendary,Leg Armor,titan,519,Vault,true,false,2,4,,N/A,N/A,2,1,0,,Restorative Titan Armor*,Mobility Enhancement Mod*,Restorative Mod,Tier 2 Armor*,Bow Dexterity*,Pulse Rifle Dexterity,Sidearm Scavenger*,Primary Ammo Finder
"Mark of the Great Hunt","1021341893",6917529080254498401,,Legendary,Titan Mark,titan,584,Vault,true,false,2,4,,N/A,N/A,0,0,0,,Tier 2 Armor*,Insulation,Innervation*,Invigoration,Sword Reserves,Linear Fusion Rifle Scavenger*
"Helm of the Great Hunt","2274520361",6917529080260394797,,Legendary,Helmet,titan,586,Vault,true,false,2,4,,N/A,N/A,1,1,1,,Mobile Titan Armor*,Plasteel Reinforcement Mod,Restorative Mod*,Tier 2 Armor*,Sidearm Targeting,Heavy Lifting,Pump Action*,Fusion Rifle Reserves,Sniper Rifle Reserves*
"Scatterhorn Cloak","2757593792",6917529080719453296,,Legendary,Hunter Cloak,hunter,582,Vault,true,false,2,4,,N/A,N/A,0,0,0,,Tier 2 Armor*,Tangled Rust*,Insulation*,Recuperation,Pulse Rifle Reserves*,Pulse Rifle Scavenger
"Scatterhorn Vest","307138509",6917529081096796754,,Legendary,Chest Armor,hunter,592,Vault,true,false,2,4,,N/A,N/A,1,0,3,,Heavy Hunter Armor*,Plasteel Reinforcement Mod*,Restorative Mod,Tier 2 Armor*,Tangled Rust*,Unflinching Bow Aim,Unflinching Linear Fusion Aim*,Hand Cannon Reserves*,Submachine Gun Reserves
"Reverie Dawn Helm","4097166900",6917529083393034321,,Legendary,Helmet,titan,600,Vault,true,false,2,4,,N/A,N/A,1,1,1,,Mobile Titan Armor*,Mobility Enhancement Mod,Restorative Mod*,Transcendent Blessing*,Tier 1 Armor*,Burnished Dreams*,Auto Rifle Targeting,Ashes to Assets,Machine Gun Targeting*,Grenade Launcher Reserves,Shotgun Reserves*
"Nea-Thonis Breather","2932919026",6917529081799007281,,Legendary,Helmet,hunter,569,Vault,true,false,2,4,,N/A,N/A,2,0,1,,Mobile Hunter Armor*,Plasteel Reinforcement Mod*,Restorative Mod,Super Mod*,Tier 1 Armor*,Precision Weapon Targeting*,Special Ammo Finder*
"Vigil of Heroes","3916064886",6917529081886205571,,Legendary,Chest Armor,hunter,599,Vault,true,false,2,4,,N/A,N/A,1,1,2,,Heavy Hunter Armor*,Plasteel Reinforcement Mod,Restorative Mod*,Tier 1 Armor*,Vanguard Veteran*,Unflinching Bow Aim*,Unflinching Submachine Gun Aim,Primary Ammo Finder*,Special Ammo Finder
"Scatterhorn Mask","2276115770",6917529081877031854,,Legendary,Helmet,hunter,575,Vault,true,false,2,4,,N/A,N/A,1,0,2,,Heavy Hunter Armor*,Plasteel Reinforcement Mod*,Restorative Mod,Tier 1 Armor*,Tangled Rust*,Linear Fusion Rifle Targeting*,Kinetic Weapon Targeting,Shotgun Reserves*,Sword Reserves
"Prodigal Hood","2012084760",6917529084378927974,,Legendary,Helmet,warlock,590,Vault,false,false,2,4,,N/A,N/A,1,2,0,,Restorative Warlock Armor*,Mobility Enhancement Mod*,Restorative Mod,Tier 2 Armor*,Auto Rifle Targeting*,Fusion Rifle Targeting,Sniper Rifle Reserves*,Sword Reserves
"Reverie Dawn Helm","4097166900",6917529083686953199,,Legendary,Helmet,titan,581,Vault,true,false,2,4,,N/A,N/A,2,0,1,,Mobile Titan Armor*,Mobility Enhancement Mod*,Restorative Mod,Riven's Curse*,Tier 1 Armor*,Burnished Dreams*,Heavy Lifting*,Kinetic Weapon Targeting,Scatter Projectile Targeting,Linear Fusion Rifle Reserves*,Sword Reserves
"Reverie Dawn Helm","4097166900",6917529081656166039,,Legendary,Helmet,titan,600,Vault,true,false,2,4,,N/A,N/A,1,1,1,,Mobile Titan Armor*,Mobility Enhancement Mod,Restorative Mod*,Riven's Curse*,Tier 1 Armor*,Burnished Dreams*,Light Reactor*,Enhanced Hand Cannon Targeting,Enhanced Linear Fusion Targeting,Rocket Launcher Reserves,Heavy Ammo Finder*
"Reverie Dawn Plate","4070309619",6917529080967354851,,Legendary,Chest Armor,titan,600,Vault,true,false,2,4,,N/A,N/A,2,0,2,,Mobile Titan Armor*,Plasteel Reinforcement Mod*,Restorative Mod,Riven's Curse*,Tier 1 Armor*,Burnished Dreams*,Unflinching Fusion Rifle Aim,Unflinching Submachine Gun Aim,Enhanced Unflinching Linear Fusion Aim*,Sidearm Reserves*,Primary Ammo Finder
"Prodigal Mark","1266060945",6917529071449366502,,Legendary,Titan Mark,titan,535,Vault,true,false,2,4,,N/A,N/A,0,0,0,,Tier 2 Armor*,Insulation,Innervation*,Bow Reserves*,Pulse Rifle Reserves
"Reverie Dawn Hauberk","1593474975",6917529083398933235,,Legendary,Chest Armor,hunter,600,Vault,true,false,2,4,,N/A,N/A,1,1,2,,Survivalist Hunter Armor*,Plasteel Reinforcement Mod*,Restorative Mod,Riven's Curse*,Tier 1 Armor*,Burnished Dreams*,Unflinching Linear Fusion Aim*,Unflinching Submachine Gun Aim,Unflinching Rifle Aim,Pulse Rifle Reserves*,Special Ammo Finder
"Reverie Dawn Greaves","3174233615",6917529083684491479,,Legendary,Leg Armor,titan,582,Vault,true,false,2,4,,N/A,N/A,2,0,1,,Mobile Titan Armor*,Mobility Enhancement Mod*,Restorative Mod,Riven's Curse*,Tier 1 Armor*,Blueshift Dreams*,Hand Cannon Dexterity*,Submachine Gun Dexterity,Traction,Hand Cannon Scavenger*,Special Ammo Finder
"ACD/0 Feedback Fence","1035680664",6917529079813655163,,Exotic,Gauntlets,titan,580,Vault,true,false,1,1,,N/A,N/A,1,1,2,,Fury Conductors*,Plasteel Reinforcement Mod,Restorative Mod*,Mobility Mod*,Auto Rifle Loader,Impact Induction*,Momentum Transfer,Rocket Launcher Scavenger*,Sword Scavenger
"Tangled Web Mask","4261835528",6917529068616970091,,Legendary,Helmet,hunter,500,Vault,true,false,2,4,,N/A,N/A,1,1,1,,Survivalist Hunter Armor*,Plasteel Reinforcement Mod*,Restorative Mod,Tier 2 Armor*,Ashes to Assets*,Remote Connection,Shotgun Reserves*,Sniper Rifle Reserves
"Dragonfly Regalia Reaches","2530582647",6917529082329472855,,Legendary,Gauntlets,warlock,10,Vault,true,false,2,4,,N/A,N/A,1,2,0,,Tier 2 Armor*,Restorative Warlock Armor*,Mobility Enhancement Mod*,Plasteel Reinforcement Mod,Scout Rifle Loader*,Momentum Transfer,Fusion Rifle Scavenger*,Grenade Launcher Scavenger
"Reverie Dawn Mark","1980768298",6917529083681164619,,Legendary,Titan Mark,titan,584,Vault,true,false,2,4,,N/A,N/A,0,0,0,,Riven's Curse*,Tier 1 Armor*,Burnished Dreams*,Innervation*,Invigoration,Better Already,Auto Rifle Reserves*,Grenade Launcher Reserves
"Tangled Web Gauntlets","42219189",6917529079167562280,,Legendary,Gauntlets,titan,550,Vault,true,false,2,4,,N/A,N/A,0,1,2,,Restorative Titan Armor*,Plasteel Reinforcement Mod*,Restorative Mod,Tier 1 Armor*,Auto Rifle Loader*,Rifle Loader,Rocket Launcher Scavenger*,Sniper Rifle Scavenger
"Tangled Web Strides","2206284939",6917529073139962086,,Legendary,Leg Armor,hunter,528,Vault,true,false,2,4,,N/A,N/A,0,2,1,,Survivalist Hunter Armor*,Mobility Enhancement Mod,Restorative Mod*,Tier 3 Armor*,Grenade Launcher Dexterity*,Kinetic Dexterity,Primary Ammo Finder*,Special Ammo Finder
"Scatterhorn Wraps","1069453608",6917529069827513933,,Legendary,Gauntlets,warlock,500,Vault,true,false,2,4,,N/A,N/A,1,2,0,,Restorative Warlock Armor*,Mobility Enhancement Mod*,Plasteel Reinforcement Mod,Tier 2 Armor*,Tangled Rust*,Auto Rifle Loader,Rifle Loader*,Shotgun Scavenger*,Sword Scavenger
"Wing Discipline","1464207979",6917529083623960472,,Legendary,Gauntlets,titan,576,Vault,true,false,2,4,,N/A,N/A,2,0,1,,Mobile Titan Armor*,Mobility Enhancement Mod*,Plasteel Reinforcement Mod,Tier 1 Armor*,Crucible Legacy*,Hand Cannon Loader*,Energy Weapon Loader,Special Ammo Finder*,Heavy Ammo Finder
"Prodigal Strides","3397835010",6917529082083928012,,Legendary,Leg Armor,hunter,582,Vault,true,false,2,4,,N/A,N/A,1,1,1,,Survivalist Hunter Armor*,Mobility Enhancement Mod*,Restorative Mod,Tier 4 Armor*,Sniper Rifle Dexterity*,Bomber,Hand Cannon Scavenger*,Sidearm Scavenger
"Scatterhorn Boots","1704861826",6917529082504720618,,Legendary,Leg Armor,warlock,599,Vault,true,false,2,4,,N/A,N/A,1,2,0,,Restorative Warlock Armor*,Mobility Enhancement Mod*,Plasteel Reinforcement Mod,Tier 3 Armor*,Tangled Rust*,Hand Cannon Dexterity*,Dynamo,Auto Rifle Scavenger*,Arrow Scavenger
"Vigil of Heroes","2072877132",6917529080399277117,,Legendary,Leg Armor,hunter,575,Vault,true,false,2,4,,N/A,N/A,1,1,1,,Heavy Hunter Armor*,Mobility Enhancement Mod,Restorative Mod*,Tier 1 Armor*,Vanguard Veteran*,Traction,Energy Dexterity*,Scout Rifle Scavenger,Special Ammo Finder*
"Tangled Web Strides","2206284939",6917529081787179256,,Legendary,Leg Armor,hunter,574,Vault,true,false,2,4,,N/A,N/A,1,1,1,,Survivalist Hunter Armor*,Mobility Enhancement Mod*,Restorative Mod,Tier 2 Armor*,Fusion Rifle Dexterity*,Shotgun Dexterity,Pulse Rifle Scavenger*,Primary Ammo Finder
"Reverie Dawn Greaves","3174233615",6917529077071340839,,Legendary,Leg Armor,titan,600,Vault,true,false,2,4,,N/A,N/A,2,0,1,,Mobile Titan Armor*,Mobility Enhancement Mod*,Restorative Mod,Riven's Curse*,Tier 1 Armor*,Blueshift Dreams*,Shotgun Dexterity*,Traction,Distribution,Pulse Rifle Scavenger*,Special Ammo Finder
"Reverie Dawn Greaves","3174233615",6917529074248255909,,Legendary,Leg Armor,titan,600,Vault,true,false,2,4,,N/A,N/A,2,0,1,,Mobile Titan Armor*,Mobility Enhancement Mod*,Restorative Mod,Riven's Curse*,Tier 1 Armor*,Burnished Dreams*,Traction,Power Dexterity,Enhanced Rocket Launcher Dexterity*,Submachine Gun Scavenger,Special Ammo Finder*
"Prodigal Hood","2012084760",6917529084023686540,,Legendary,Helmet,warlock,577,Vault,true,false,2,4,,N/A,N/A,1,2,0,,Restorative Warlock Armor*,Mobility Enhancement Mod*,Restorative Mod,Tier 1 Armor*,Sniper Rifle Targeting*,Light Reactor,Fusion Rifle Reserves*,Rocket Launcher Reserves
"Ancient Apocalypse Mark","3339632627",6917529076761079807,,Legendary,Titan Mark,titan,550,Vault,true,false,2,4,,N/A,N/A,0,0,0,,Tier 1 Armor*,Gambit Leather*,Innervation*,Better Already,Linear Fusion Rifle Reserves*,Shotgun Scavenger
"Ursa Furiosa","1484674161",6917529082754703079,,Exotic,Gauntlets,titan,600,Vault,true,false,2,4,,N/A,N/A,0,0,3,,Ursine Guard*,Plasteel Reinforcement Mod*,Restorative Mod,Linear Fusion Rifle Loader*,Momentum Transfer,Large Weapon Loader,Rocket Launcher Scavenger*,Sniper Rifle Scavenger
"Tangled Web Plate","2562470699",6917529078982393073,,Legendary,Chest Armor,titan,571,Vault,true,false,2,4,,N/A,N/A,2,2,1,,Restorative Titan Armor*,Plasteel Reinforcement Mod,Restorative Mod*,Mobility Mod*,Tier 2 Armor*,Unflinching Fusion Rifle Aim*,Unflinching Linear Fusion Aim,Pulse Rifle Reserves*,Scout Rifle Reserves
"Prodigal Bond","2800566014",6917529084378923160,,Legendary,Warlock Bond,warlock,589,Vault,false,false,2,4,,N/A,N/A,0,0,0,,Tier 2 Armor*,Insulation*,Invigoration,Linear Fusion Rifle Scavenger*,Machine Gun Reserves
"Reverie Dawn Gauntlets","2503434573",6917529080396511575,,Legendary,Gauntlets,titan,591,Vault,true,false,2,4,,N/A,N/A,1,0,2,,Mobile Titan Armor*,Plasteel Reinforcement Mod*,Restorative Mod,Riven's Curse*,Tier 1 Armor*,Burnished Dreams*,Auto Rifle Loader*,Impact Induction,Enhanced Rocket Launcher Loader,Linear Fusion Rifle Scavenger*,Shotgun Scavenger
"Dragonfly Regalia Gauntlets","2614454204",6917529080266135664,,Legendary,Gauntlets,titan,10,Vault,true,false,2,4,,N/A,N/A,0,1,2,,Tier 4 Armor*,Restorative Titan Armor*,Plasteel Reinforcement Mod*,Restorative Mod,Scout Rifle Loader*,Energy Weapon Loader,Grenade Launcher Scavenger*,Heavy Ammo Finder
"Tangled Web Gloves","2502004600",6917529084018007372,,Legendary,Gauntlets,warlock,575,Vault,true,false,2,4,,N/A,N/A,1,2,0,,Restorative Warlock Armor*,Mobility Enhancement Mod*,Plasteel Reinforcement Mod,Tier 3 Armor*,Grenade Launcher Loader*,Machine Gun Loader,Rocket Launcher Scavenger*,Machine Gun Scavenger
"Scatterhorn Robe","1250571424",6917529081428339351,,Legendary,Chest Armor,warlock,568,Vault,true,false,2,4,,N/A,N/A,0,2,2,,Restorative Warlock Armor*,Plasteel Reinforcement Mod*,Restorative Mod,Tier 4 Armor*,Tangled Rust*,Unflinching Grenade Launcher Aim*,Unflinching Rifle Aim,Bow Reserves*,Hand Cannon Reserves
"Vigil of Heroes","1490307366",6917529081336821042,,Legendary,Gauntlets,titan,600,Vault,true,false,2,4,,N/A,N/A,2,0,1,,Mobile Titan Armor*,Mobility Enhancement Mod*,Plasteel Reinforcement Mod,Tier 1 Armor*,Vanguard Veteran*,Fastball,Power Weapon Loader*,Rocket Launcher Scavenger*,Sniper Rifle Scavenger
"Tangled Web Boots","537272242",6917529082502013148,,Legendary,Leg Armor,warlock,579,Vault,true,false,2,4,,N/A,N/A,1,2,0,,Restorative Warlock Armor*,Mobility Enhancement Mod*,Plasteel Reinforcement Mod,Tier 1 Armor*,Dynamo*,Energy Dexterity,Hand Cannon Scavenger*,Special Ammo Finder
"Tangled Web Gauntlets","42219189",6917529074198100925,,Legendary,Gauntlets,titan,521,Vault,true,false,2,4,,N/A,N/A,0,1,2,,Restorative Titan Armor*,Plasteel Reinforcement Mod*,Restorative Mod,Tier 2 Armor*,Kinetic Weapon Loader*,Large Weapon Loader,Grenade Launcher Scavenger*,Rocket Launcher Scavenger
"Prodigal Steps","2767830203",6917529082521773065,,Legendary,Leg Armor,warlock,579,Vault,true,false,2,4,,N/A,N/A,1,2,0,,Restorative Warlock Armor*,Mobility Enhancement Mod*,Plasteel Reinforcement Mod,Tier 2 Armor*,Dynamo*,Power Dexterity,Auto Rifle Scavenger*,Primary Ammo Finder
"Prodigal Steps","2767830203",6917529082516403627,,Legendary,Leg Armor,warlock,580,Vault,true,false,2,4,,N/A,N/A,1,2,0,,Restorative Warlock Armor*,Mobility Enhancement Mod*,Plasteel Reinforcement Mod,Tier 2 Armor*,Shotgun Dexterity*,Perpetuation,Primary Ammo Finder*,Special Ammo Finder
"Prodigal Greaves","3360070350",6917529072418949884,,Legendary,Leg Armor,titan,540,Vault,true,false,2,4,,N/A,N/A,1,2,0,,Restorative Titan Armor*,Mobility Enhancement Mod,Restorative Mod*,Tier 2 Armor*,Dynamo,Kinetic Dexterity*,Hand Cannon Scavenger,Pulse Rifle Scavenger*
"Prodigal Grasps","2762426792",6917529079578062735,,Legendary,Gauntlets,hunter,533,Vault,true,false,2,4,,N/A,N/A,2,1,0,,Survivalist Hunter Armor*,Mobility Enhancement Mod*,Plasteel Reinforcement Mod,Tier 2 Armor*,Rocket Launcher Loader*,Scout Rifle Loader,Sniper Rifle Scavenger*,Special Ammo Finder
"Scatterhorn Grasps","218523139",6917529079586631533,,Legendary,Gauntlets,hunter,556,Vault,true,false,2,4,,N/A,N/A,2,0,1,,Heavy Hunter Armor*,Mobility Enhancement Mod*,Plasteel Reinforcement Mod,Tier 4 Armor*,Tangled Rust*,Grenade Launcher Loader,Momentum Transfer*,Sword Scavenger,Heavy Ammo Finder*
"Vigil of Heroes","335317194",6917529083478346536,,Legendary,Chest Armor,titan,600,Vault,true,false,2,4,,N/A,N/A,2,0,2,,Mobile Titan Armor*,Plasteel Reinforcement Mod*,Restorative Mod,Tier 2 Armor*,Vanguard Veteran*,Unflinching Bow Aim*,Unflinching Scout Rifle Aim,Sidearm Reserves*,Primary Ammo Finder
"Vigil of Heroes","1247181362",6917529080982231722,,Legendary,Gauntlets,hunter,584,Vault,true,false,2,4,,N/A,N/A,1,0,2,,Heavy Hunter Armor*,Mobility Enhancement Mod,Plasteel Reinforcement Mod*,Tier 1 Armor*,Vanguard Veteran*,Momentum Transfer*,Energy Weapon Loader,Grenade Launcher Scavenger,Shotgun Scavenger*
"Tangled Web Gloves","2502004600",6917529079833675270,,Legendary,Gauntlets,warlock,529,Vault,true,false,2,4,,N/A,N/A,1,2,0,,Restorative Warlock Armor*,Mobility Enhancement Mod*,Plasteel Reinforcement Mod,Tier 1 Armor*,Hand Cannon Loader*,Submachine Gun Loader,Fusion Rifle Scavenger*,Heavy Ammo Finder
"Prodigal Gloves","2475888361",6917529082649096064,,Legendary,Gauntlets,warlock,577,Vault,true,false,2,4,,N/A,N/A,1,2,0,,Restorative Warlock Armor*,Mobility Enhancement Mod*,Plasteel Reinforcement Mod,Tier 3 Armor*,Grenade Launcher Loader*,Power Weapon Loader,Fusion Rifle Scavenger*,Grenade Launcher Scavenger
"Vigil of Heroes","1514863327",6917529084407992127,,Legendary,Helmet,titan,590,Vault,false,false,2,4,,N/A,N/A,1,0,2,,Mobile Titan Armor*,Plasteel Reinforcement Mod*,Restorative Mod,Tier 2 Armor*,Vanguard Veteran*,Hands-On*,Scatter Projectile Targeting,Shotgun Reserves*,Heavy Ammo Finder
"Reverie Dawn Plate","4070309619",6917529070713962280,,Legendary,Chest Armor,titan,527,Vault,true,false,2,4,,N/A,N/A,2,0,2,,Mobile Titan Armor*,Plasteel Reinforcement Mod*,Restorative Mod,Riven's Curse*,Tier 2 Armor*,Burnished Dreams*,Unflinching Energy Aim,Unflinching Large Arms,Enhanced Unflinching Scout Rifle Aim*,Bow Reserves*,Sidearm Reserves
"Prodigal Hood","2012084760",6917529082486454249,,Legendary,Helmet,warlock,576,Vault,true,false,2,4,,N/A,N/A,1,2,0,,Restorative Warlock Armor*,Mobility Enhancement Mod*,Restorative Mod,Tier 1 Armor*,Pulse Rifle Targeting*,Pump Action,Shotgun Reserves*,Special Ammo Finder
"Tangled Web Plate","2562470699",6917529079297511151,,Legendary,Chest Armor,titan,600,Vault,true,false,2,4,,N/A,N/A,1,1,2,,Restorative Titan Armor*,Plasteel Reinforcement Mod*,Restorative Mod,Tier 4 Armor*,Unflinching Shotgun Aim*,Unflinching Light Arms Aim,Bow Reserves*,Hand Cannon Reserves
"Prodigal Gauntlets","1429424420",6917529084407996972,,Legendary,Gauntlets,titan,581,Vault,false,false,2,4,,N/A,N/A,0,1,2,,Restorative Titan Armor*,Plasteel Reinforcement Mod*,Restorative Mod,Tier 1 Armor*,Momentum Transfer*,Energy Weapon Loader,Linear Fusion Rifle Scavenger*,Sword Scavenger
"Scatterhorn Robe","1250571424",6917529084091967791,,Legendary,Chest Armor,warlock,586,Vault,true,false,2,4,,N/A,N/A,0,2,2,,Restorative Warlock Armor*,Plasteel Reinforcement Mod*,Restorative Mod,Tier 1 Armor*,Tangled Rust*,Unflinching Grenade Launcher Aim*,Unflinching Light Arms Aim,Pulse Rifle Reserves*,Special Ammo Finder
"Prodigal Greaves","3360070350",6917529084388203160,,Legendary,Leg Armor,titan,577,Vault,false,false,2,4,,N/A,N/A,2,1,0,,Restorative Titan Armor*,Mobility Enhancement Mod*,Restorative Mod,Tier 4 Armor*,Perpetuation*,Machine Gun Dexterity,Scout Rifle Scavenger*,Special Ammo Finder
"Reverie Dawn Greaves","3174233615",6917529080850451466,,Legendary,Leg Armor,titan,599,Vault,true,false,2,4,,N/A,N/A,2,0,1,,Mobile Titan Armor*,Mobility Enhancement Mod*,Restorative Mod,Riven's Curse*,Tier 2 Armor*,Burnished Dreams*,Fusion Rifle Dexterity,Sniper Rifle Dexterity*,Bomber,Primary Ammo Finder,Special Ammo Finder*
"Reverie Dawn Plate","4070309619",6917529072663254727,,Legendary,Chest Armor,titan,541,Vault,true,false,2,4,,N/A,N/A,2,1,1,,Mobile Titan Armor*,Plasteel Reinforcement Mod,Restorative Mod*,Riven's Curse*,Tier 2 Armor*,Burnished Dreams*,Unflinching Fusion Rifle Aim,Unflinching Kinetic Aim*,Unflinching Power Aim,Bow Reserves,Sidearm Reserves*
"Scatterhorn Plate","3871458129",6917529080558867213,,Legendary,Chest Armor,titan,597,Vault,true,false,2,4,,N/A,N/A,0,2,2,,Heavy Titan Armor*,Plasteel Reinforcement Mod,Restorative Mod*,Tier 2 Armor*,New Monarchy Diamonds*,Unflinching Bow Aim*,Unflinching Energy Aim,Bow Reserves*,Submachine Gun Reserves
"Vigil of Heroes","3569624585",6917529082374099146,,Legendary,Chest Armor,warlock,593,Vault,true,false,2,4,,N/A,N/A,0,2,2,,Restorative Warlock Armor*,Plasteel Reinforcement Mod*,Restorative Mod,Tier 2 Armor*,Vanguard Veteran*,Unflinching Auto Rifle Aim,Unflinching Hand Cannon Aim*,Hand Cannon Reserves*,Submachine Gun Reserves
"Wing Discipline","1063904165",6917529080569941365,,Legendary,Chest Armor,titan,596,Vault,true,false,2,4,,N/A,N/A,2,0,2,,Mobile Titan Armor*,Plasteel Reinforcement Mod*,Restorative Mod,Tier 1 Armor*,Crucible Legacy*,Unflinching Hand Cannon Aim*,Unflinching Scout Rifle Aim,Auto Rifle Reserves,Hand Cannon Reserves*
"Reverie Dawn Hood","185695659",6917529083806846263,,Legendary,Helmet,warlock,581,Vault,true,false,2,4,,N/A,N/A,2,1,0,,Mobile Warlock Armor*,Mobility Enhancement Mod*,Restorative Mod,Riven's Curse*,Tier 2 Armor*,Burnished Dreams*,Fusion Rifle Targeting*,Submachine Gun Targeting,Enhanced Sniper Rifle Targeting,Grenade Launcher Reserves*,Rocket Launcher Reserves
"Lion Rampant","3790373074",6917529076770165474,,Exotic,Leg Armor,titan,556,Vault,true,false,1,1,,N/A,N/A,1,0,2,,Jump Jets*,Mobility Enhancement Mod*,Restorative Mod,Rocket Scientist*,Fusion Rifle Dexterity,Traction,Oversize Weapon Dexterity*,Auto Rifle Scavenger,Pulse Rifle Scavenger*
"Scatterhorn Helm","1862088022",6917529074773789742,,Legendary,Helmet,titan,543,Vault,true,false,2,4,,N/A,N/A,0,1,2,,Heavy Titan Armor*,Plasteel Reinforcement Mod,Restorative Mod*,Tier 1 Armor*,Tangled Rust*,Remote Connection,Power Weapon Targeting*,Shotgun Reserves,Special Ammo Finder*
"Tangled Web Mark","919186882",6917529083739813701,,Legendary,Titan Mark,titan,575,Vault,true,false,2,4,,N/A,N/A,0,0,0,,Tier 2 Armor*,Innervation*,Invigoration,Pulse Rifle Reserves*,Arrow Scavenger
"Wing Discipline","185853176",6917529083623955360,,Legendary,Titan Mark,titan,600,Vault,true,false,2,4,,N/A,N/A,0,0,0,,Tier 1 Armor*,Crucible Legacy*,Innervation*,Invigoration,Submachine Gun Scavenger*,Sniper Rifle Scavenger
"Tangled Web Mark","919186882",6917529083737345005,,Legendary,Titan Mark,titan,580,Vault,true,false,2,4,,N/A,N/A,0,0,0,,Tier 2 Armor*,Innervation*,Recuperation,Sidearm Reserves*,Sword Scavenger
"Prodigal Helm","2753581141",6917529083785562537,,Legendary,Helmet,titan,572,Vault,true,false,2,4,,N/A,N/A,1,1,1,,Restorative Titan Armor*,Mobility Enhancement Mod*,Restorative Mod,Tier 1 Armor*,Light Reactor*,Machine Gun Targeting,Heavy Ammo Finder*,Machine Gun Reserves
"Prodigal Gauntlets","1429424420",6917529084381368303,,Legendary,Gauntlets,titan,586,Vault,false,false,2,4,,N/A,N/A,0,1,2,,Restorative Titan Armor*,Plasteel Reinforcement Mod*,Restorative Mod,Tier 2 Armor*,Hand Cannon Loader*,Linear Fusion Rifle Loader,Shotgun Scavenger*,Heavy Ammo Finder
"Vigil of Heroes","2442309039",6917529081096801491,,Legendary,Gauntlets,warlock,582,Vault,true,false,2,4,,N/A,N/A,0,2,1,,Restorative Warlock Armor*,Mobility Enhancement Mod,Plasteel Reinforcement Mod*,Tier 1 Armor*,Vanguard Veteran*,Linear Fusion Rifle Loader*,Energy Weapon Loader,Rocket Launcher Scavenger,Sniper Rifle Scavenger*
"Scatterhorn Bond","177829853",6917529082207239324,,Legendary,Warlock Bond,warlock,589,Vault,true,false,2,4,,N/A,N/A,0,0,0,,Tier 1 Armor*,Tangled Rust*,Insulation,Better Already*,Shotgun Reserves*,Submachine Gun Reserves
"Mk. 44 Stand Asides","1902412292",6917529080257505918,,Exotic,Leg Armor,titan,588,Vault,true,false,1,2,,N/A,N/A,2,0,1,,Seriously, Watch Out*,Mobility Enhancement Mod*,Restorative Mod,Grenade Launcher Dexterity,Outreach,Rifle Dexterity*,Hand Cannon Scavenger,Special Ammo Finder*
"Prodigal Bond","2800566014",6917529084098141976,,Legendary,Warlock Bond,warlock,587,Vault,true,false,2,4,,N/A,N/A,0,0,0,,Tier 4 Armor*,Innervation*,Recuperation,Hand Cannon Reserves*,Scout Rifle Reserves
"Ancient Apocalypse Greaves","3486086024",6917529077382437536,,Legendary,Leg Armor,titan,552,Vault,true,false,2,4,,N/A,N/A,2,0,1,,Mobile Titan Armor*,Mobility Enhancement Mod*,Plasteel Reinforcement Mod,Tier 2 Armor*,Gambit Leather*,Submachine Gun Dexterity*,Light Arms Dexterity,Hand Cannon Scavenger*,Scout Rifle Scavenger
"Star-Crossed Helm","2613761000",6917529083788475415,,Legendary,Helmet,titan,10,Vault,true,false,2,undefined,,N/A,N/A,1,1,1,,Tier 2 Armor*,Restorative Titan Armor*,Mobility Enhancement Mod*,Restorative Mod,Light Reactor*,Scatter Projectile Targeting,Linear Fusion Rifle Reserves*,Rocket Launcher Reserves
"Reverie Dawn Mark","1980768298",6917529080970238142,,Legendary,Titan Mark,titan,600,Vault,true,false,2,4,,N/A,N/A,0,0,0,,Riven's Curse*,Tier 2 Armor*,Burnished Dreams*,Insulation,Invigoration,Absolution*,Sidearm Scavenger,Primary Ammo Finder*
"Vigil of Heroes","1054960580",6917529082507628429,,Legendary,Warlock Bond,warlock,598,Vault,true,false,2,4,,N/A,N/A,0,0,0,,Tier 1 Armor*,Vanguard Veteran*,Insulation,Innervation*,Grenade Launcher Scavenger,Sniper Rifle Scavenger*
"Crest of Alpha Lupi","458095280",6917529075138127809,,Exotic,Chest Armor,titan,551,Vault,true,false,1,1,,N/A,N/A,1,1,2,,Survival Well*,Plasteel Reinforcement Mod*,Restorative Mod,Unflinching Linear Fusion Aim,Unflinching Shotgun Aim,Unflinching Rifle Aim*,Bow Reserves,Pulse Rifle Reserves*
"Tangled Web Grips","3609169817",6917529082189308565,,Legendary,Gauntlets,hunter,569,Vault,true,false,2,4,,N/A,N/A,2,1,0,,Survivalist Hunter Armor*,Mobility Enhancement Mod*,Plasteel Reinforcement Mod,Tier 4 Armor*,Hand Cannon Loader*,Power Weapon Loader,Rocket Launcher Scavenger*,Special Ammo Finder
"Prodigal Strides","3397835010",6917529080982228384,,Legendary,Leg Armor,hunter,590,Vault,true,false,2,4,,N/A,N/A,1,1,1,,Survivalist Hunter Armor*,Mobility Enhancement Mod*,Restorative Mod,Tier 3 Armor*,Auto Rifle Dexterity*,Bow Dexterity,Auto Rifle Scavenger,Pulse Rifle Scavenger*
"Prodigal Cuirass","3850634012",6917529084394283257,,Legendary,Chest Armor,titan,580,Vault,true,false,2,4,,N/A,N/A,1,1,2,,Restorative Titan Armor*,Plasteel Reinforcement Mod*,Restorative Mod,Tier 1 Armor*,Unflinching Sidearm Aim*,Unflinching Rifle Aim,Bow Reserves*,Special Ammo Finder
"Reverie Dawn Mark","1980768298",6917529070934602013,,Legendary,Titan Mark,titan,573,Vault,true,false,2,4,,N/A,N/A,0,0,0,,Riven's Curse*,Tier 2 Armor*,Burnished Dreams*,Innervation*,Invigoration,Better Already,Linear Fusion Rifle Reserves,Heavy Ammo Finder*
"Prodigal Mark","1266060945",6917529080234567897,,Legendary,Titan Mark,titan,564,Vault,true,false,2,4,,N/A,N/A,0,0,0,,Tier 1 Armor*,Recuperation*,Better Already,Fusion Rifle Scavenger*,Rocket Launcher Scavenger
"Ancient Apocalypse Bond","2088829612",6917529084098137766,,Legendary,Warlock Bond,warlock,500,Vault,true,false,2,4,,N/A,N/A,0,0,0,,Tier 1 Armor*,Gambit Leather*,Invigoration*,Hand Cannon Reserves*
"Tangled Web Gauntlets","42219189",6917529078568422046,,Legendary,Gauntlets,titan,538,Vault,true,false,2,4,,N/A,N/A,0,1,2,,Restorative Titan Armor*,Plasteel Reinforcement Mod*,Restorative Mod,Tier 1 Armor*,Submachine Gun Loader*,Sniper Rifle Loader,Special Ammo Finder*,Heavy Ammo Finder
"Reverie Dawn Greaves","3174233615",6917529083895144526,,Legendary,Leg Armor,titan,585,Vault,true,false,2,4,,N/A,N/A,2,0,1,,Mobile Titan Armor*,Mobility Enhancement Mod*,Restorative Mod,Riven's Curse*,Tier 1 Armor*,Burnished Dreams*,Rocket Launcher Dexterity*,Sniper Rifle Dexterity,Machine Gun Dexterity,Pulse Rifle Scavenger*,Submachine Gun Scavenger
"Prodigal Helm","2753581141",6917529081160520404,,Legendary,Helmet,titan,600,Vault,true,false,2,4,,N/A,N/A,0,2,1,,Restorative Titan Armor*,Mobility Enhancement Mod,Restorative Mod*,Tier 2 Armor*,Distant Earth*,Sniper Rifle Targeting,Pump Action*,Linear Fusion Rifle Reserves*,Sniper Rifle Reserves
"Prodigal Helm","2753581141",6917529083284413282,,Legendary,Helmet,titan,600,Vault,true,false,2,4,,N/A,N/A,1,1,1,,Restorative Titan Armor*,Mobility Enhancement Mod*,Restorative Mod,Tier 2 Armor*,Ashes to Assets*,Precision Weapon Targeting,Rocket Launcher Reserves*,Sniper Rifle Reserves
"Helm of the Great Hunt","2274520361",6917529082763307086,,Legendary,Helmet,titan,582,Vault,true,false,2,4,,N/A,N/A,1,0,2,,Mobile Titan Armor*,Plasteel Reinforcement Mod*,Restorative Mod,Tier 2 Armor*,Submachine Gun Targeting*,Light Reactor,Kinetic Weapon Targeting,Rocket Launcher Reserves,Sniper Rifle Reserves*
"Reverie Dawn Helm","4097166900",6917529083638651534,,Legendary,Helmet,titan,600,Vault,true,false,2,4,,N/A,N/A,1,1,1,,Mobile Titan Armor*,Mobility Enhancement Mod,Restorative Mod*,Riven's Curse*,Tier 1 Armor*,Burnished Dreams*,Linear Fusion Rifle Targeting,Ashes to Assets*,Kinetic Weapon Targeting,Linear Fusion Rifle Reserves*,Machine Gun Reserves
"Tangled Web Mask","4261835528",6917529084165342383,,Legendary,Helmet,hunter,581,Vault,true,false,2,4,,N/A,N/A,1,1,1,,Survivalist Hunter Armor*,Plasteel Reinforcement Mod*,Restorative Mod,Tier 2 Armor*,Scout Rifle Targeting*,Light Reactor,Sword Reserves*,Machine Gun Reserves
"Scatterhorn Gauntlets","3066181671",6917529083112172335,,Legendary,Gauntlets,titan,600,Vault,true,false,2,4,,N/A,N/A,0,0,3,,Heavy Titan Armor*,Mobility Enhancement Mod,Plasteel Reinforcement Mod*,Tier 2 Armor*,Tangled Rust*,Scout Rifle Loader,Large Weapon Loader*,Rocket Launcher Scavenger*,Heavy Ammo Finder
"Tangled Web Boots","537272242",6917529082513533893,,Legendary,Leg Armor,warlock,578,Vault,true,false,2,4,,N/A,N/A,1,2,0,,Restorative Warlock Armor*,Mobility Enhancement Mod*,Plasteel Reinforcement Mod,Tier 2 Armor*,Fusion Rifle Dexterity*,Submachine Gun Dexterity,Sidearm Scavenger*,Submachine Gun Scavenger
"Star-Crossed Heart","1510035423",6917529083909697342,,Legendary,Chest Armor,titan,10,Vault,true,false,2,undefined,,N/A,N/A,1,1,2,,Tier 2 Armor*,Restorative Titan Armor*,Plasteel Reinforcement Mod*,Restorative Mod,Unflinching Power Aim*,Auto Rifle Reserves*
"Ancient Apocalypse Hood","1236746902",6917529084113742205,,Legendary,Helmet,warlock,586,Vault,true,false,2,4,,N/A,N/A,0,2,1,,Restorative Warlock Armor*,Plasteel Reinforcement Mod*,Restorative Mod,Tier 2 Armor*,Gambit Leather*,Heavy Lifting*,Hands-On,Fusion Rifle Reserves*,Heavy Ammo Finder
"Scatterhorn Mark","1347463276",6917529081656171792,,Legendary,Titan Mark,titan,600,Vault,true,false,2,4,,N/A,N/A,0,0,0,,Tier 1 Armor*,Tangled Rust*,Innervation*,Better Already,Submachine Gun Reserves*,Grenade Launcher Scavenger
"Gauntlets of the Great Hunt","65929376",6917529082760378780,,Legendary,Gauntlets,titan,600,Vault,true,false,2,4,,N/A,N/A,2,0,1,,Mobile Titan Armor*,Mobility Enhancement Mod*,Plasteel Reinforcement Mod,Tier 3 Armor*,Grenade Launcher Loader,Submachine Gun Loader,Energy Weapon Loader*,Linear Fusion Rifle Scavenger*,Sniper Rifle Scavenger
"Prodigal Gauntlets","1429424420",6917529083384582262,,Legendary,Gauntlets,titan,600,Vault,true,false,2,4,,N/A,N/A,0,2,1,,Restorative Titan Armor*,Plasteel Reinforcement Mod,Restorative Mod*,Tier 3 Armor*,Bow Reloader,Machine Gun Loader*,Special Ammo Finder,Heavy Ammo Finder*
"Ancient Apocalypse Vest","3855285278",6917529068614443552,,Legendary,Chest Armor,hunter,508,Vault,true,false,2,4,,N/A,N/A,2,1,1,,Mobile Hunter Armor*,Plasteel Reinforcement Mod,Restorative Mod*,Tier 3 Armor*,Gambit Leather*,Unflinching Pulse Rifle Aim,Unflinching Kinetic Aim*,Pulse Rifle Reserves,Special Ammo Finder*
"Tangled Web Vest","2648545535",6917529083907198715,,Legendary,Chest Armor,hunter,573,Vault,true,false,2,4,,N/A,N/A,1,1,2,,Survivalist Hunter Armor*,Plasteel Reinforcement Mod*,Restorative Mod,Tier 3 Armor*,Unflinching Hand Cannon Aim*,Unflinching Submachine Gun Aim,Sidearm Reserves*,Primary Ammo Finder
"Reverie Dawn Cloak","3306564654",6917529083800850562,,Legendary,Hunter Cloak,hunter,581,Vault,true,false,2,4,,N/A,N/A,0,0,0,,Riven's Curse*,Tier 1 Armor*,Burnished Dreams*,Insulation*,Recuperation,Better Already,Auto Rifle Reserves*,Primary Ammo Finder
"Reverie Dawn Gauntlets","2503434573",6917529080324613027,,Legendary,Gauntlets,titan,568,Vault,true,false,2,4,,N/A,N/A,1,0,2,,Mobile Titan Armor*,Plasteel Reinforcement Mod*,Restorative Mod,Riven's Curse*,Tier 1 Armor*,Burnished Dreams*,Pulse Rifle Loader*,Scout Rifle Loader,Sniper Rifle Loader,Sword Scavenger,Special Ammo Finder*
"Prodigal Grasps","2762426792",6917529081799002762,,Legendary,Gauntlets,hunter,573,Vault,true,false,2,4,,N/A,N/A,2,1,0,,Survivalist Hunter Armor*,Mobility Enhancement Mod*,Plasteel Reinforcement Mod,Tier 2 Armor*,Shotgun Loader*,Impact Induction,Fusion Rifle Scavenger*,Sniper Rifle Scavenger
"Heart of Inmost Light","1462291111",6917529081772008781,,Exotic,Chest Armor,titan,600,Vault,true,false,2,4,,N/A,N/A,2,0,2,,Overflowing Light*,Plasteel Reinforcement Mod*,Restorative Mod,Unflinching Grenade Launcher Aim,Unflinching Shotgun Aim*,Unflinching Sniper Aim,Auto Rifle Reserves*,Hand Cannon Reserves
"Scatterhorn Vest","307138509",6917529078228638076,,Legendary,Chest Armor,hunter,515,Vault,true,false,2,4,,N/A,N/A,1,0,3,,Heavy Hunter Armor*,Plasteel Reinforcement Mod*,Restorative Mod,Tier 2 Armor*,Tangled Rust*,Unflinching Auto Rifle Aim*,Unflinching Sniper Aim,Sidearm Reserves*,Submachine Gun Reserves
"Dragonfly Regalia Plate","2634286116",6917529066355770252,,Legendary,Chest Armor,titan,10,Vault,true,false,2,4,,N/A,N/A,1,1,2,,Tier 2 Armor*,Restorative Titan Armor*,Plasteel Reinforcement Mod*,Restorative Mod,Unflinching Fusion Rifle Aim,Unflinching Pulse Rifle Aim*,Pulse Rifle Reserves*,Primary Ammo Finder
"Tangled Web Vest","2648545535",6917529079518682692,,Legendary,Chest Armor,hunter,533,Vault,true,false,2,4,,N/A,N/A,1,1,2,,Survivalist Hunter Armor*,Plasteel Reinforcement Mod*,Restorative Mod,Tier 1 Armor*,Unflinching Fusion Rifle Aim*,Unflinching Kinetic Aim,Auto Rifle Reserves*,Special Ammo Finder
"Prodigal Cuirass","3850634012",6917529082760373001,,Legendary,Chest Armor,titan,600,Vault,true,false,2,4,,N/A,N/A,1,2,1,,Restorative Titan Armor*,Plasteel Reinforcement Mod,Restorative Mod*,Tier 1 Armor*,Unflinching Linear Fusion Aim,Unflinching Large Arms*,Auto Rifle Reserves,Pulse Rifle Reserves*
"Ancient Apocalypse Plate","4115739810",6917529078675222862,,Legendary,Chest Armor,titan,542,Vault,true,false,2,4,,N/A,N/A,2,0,2,,Mobile Titan Armor*,Plasteel Reinforcement Mod*,Restorative Mod,Tier 2 Armor*,Gambit Leather*,Unflinching Sniper Aim*,Unflinching Kinetic Aim,Auto Rifle Reserves*,Scout Rifle Reserves
"Scatterhorn Mask","2276115770",6917529081873634995,,Legendary,Helmet,hunter,597,Vault,true,false,2,4,,N/A,N/A,1,1,1,,Heavy Hunter Armor*,Plasteel Reinforcement Mod,Restorative Mod*,Tier 1 Armor*,Tangled Rust*,Remote Connection*,Scatter Projectile Targeting,Grenade Launcher Reserves,Special Ammo Finder*
"Tangled Web Gauntlets","42219189",6917529068622069088,,Legendary,Gauntlets,titan,500,Vault,true,false,2,4,,N/A,N/A,0,1,3,,Restorative Titan Armor*,Plasteel Reinforcement Mod*,Restorative Mod,Resilience Mod*,Tier 2 Armor*,Fusion Rifle Loader*,Pulse Rifle Loader,Sword Scavenger*,Special Ammo Finder
"Antaeus Wards","1315823811",6917529081085420621,,Exotic,Leg Armor,titan,600,Vault,true,false,2,4,,N/A,N/A,2,1,0,,Reflective Vents*,Mobility Enhancement Mod*,Restorative Mod,New Monarchy Succession*,Bow Dexterity,Kinetic Dexterity,Energy Dexterity*,Hand Cannon Scavenger*,Submachine Gun Scavenger
"Tangled Web Helm","2982412348",6917529080240721177,,Legendary,Helmet,titan,600,Vault,true,false,2,4,,N/A,N/A,1,1,1,,Restorative Titan Armor*,Mobility Enhancement Mod*,Restorative Mod,Tier 1 Armor*,Scout Rifle Targeting*,Pump Action,Special Ammo Finder*,Heavy Ammo Finder
"Scatterhorn Greaves","2243444841",6917529083635556878,,Legendary,Leg Armor,titan,600,Vault,true,false,2,4,,N/A,N/A,1,0,2,,Heavy Titan Armor*,Mobility Enhancement Mod*,Plasteel Reinforcement Mod,Tier 1 Armor*,Tangled Rust*,Kinetic Dexterity*,Oversize Weapon Dexterity,Arrow Scavenger*,Sidearm Scavenger
"Vanguard Dare Grips","1768177879",6917529084171063585,,Legendary,Gauntlets,hunter,10,Vault,true,false,2,undefined,,N/A,N/A,2,1,0,,Tier 1 Armor*,Survivalist Hunter Armor*,Mobility Enhancement Mod*,Plasteel Reinforcement Mod,Rocket Launcher Loader*,Fastball,Shotgun Scavenger*,Sniper Rifle Scavenger
"Tangled Web Strides","2206284939",6917529084171071961,,Legendary,Leg Armor,hunter,583,Vault,true,false,2,4,,N/A,N/A,2,1,1,,Survivalist Hunter Armor*,Mobility Enhancement Mod*,Restorative Mod,Tier 3 Armor*,Traction*,Bomber,Sidearm Scavenger*,Primary Ammo Finder
"Scatterhorn Mark","1347463276",6917529079186221320,,Legendary,Titan Mark,titan,600,Vault,true,false,2,4,,N/A,N/A,0,0,0,,Tier 2 Armor*,Tangled Bronze*,Insulation*,Innervation,Rocket Launcher Reserves,Special Ammo Finder*
"Vanguard Dare Vest","3422717473",6917529084113751565,,Legendary,Chest Armor,hunter,10,Vault,true,false,2,undefined,,N/A,N/A,1,1,2,,Tier 1 Armor*,Survivalist Hunter Armor*,Plasteel Reinforcement Mod*,Restorative Mod,Unflinching Bow Aim*,Unflinching Energy Aim,Auto Rifle Reserves*,Primary Ammo Finder
"Tangled Web Strides","2206284939",6917529084147319412,,Legendary,Leg Armor,hunter,584,Vault,true,false,2,4,,N/A,N/A,1,1,1,,Survivalist Hunter Armor*,Mobility Enhancement Mod*,Restorative Mod,Tier 4 Armor*,Outreach*,Rifle Dexterity,Arrow Scavenger*,Special Ammo Finder
"Prodigal Robes","1553407343",6917529084203461244,,Legendary,Chest Armor,warlock,584,Vault,true,false,2,4,,N/A,N/A,1,2,1,,Restorative Warlock Armor*,Mobility Enhancement Mod*,Restorative Mod,Tier 3 Armor*,Unflinching Linear Fusion Aim*,Unflinching Machine Gun,Auto Rifle Reserves*,Special Ammo Finder
"Tangled Web Hood","1664085089",6917529084203461376,,Legendary,Helmet,warlock,584,Vault,true,false,2,4,,N/A,N/A,1,2,0,,Restorative Warlock Armor*,Mobility Enhancement Mod*,Restorative Mod,Tier 4 Armor*,Kinetic Weapon Targeting*,Scatter Projectile Targeting,Grenade Launcher Reserves*,Sword Reserves
"Vigil of Heroes","3670149407",6917529082180185093,,Legendary,Hunter Cloak,hunter,600,Vault,true,false,2,4,,N/A,N/A,0,0,0,,Tier 4 Armor*,Vanguard Veteran*,Invigoration*,Recuperation,Shotgun Reserves*,Grenade Launcher Scavenger
"Vigil of Heroes","1247181362",6917529083797983705,,Legendary,Gauntlets,hunter,600,Vault,true,false,2,4,,N/A,N/A,2,0,1,,Heavy Hunter Armor*,Mobility Enhancement Mod*,Plasteel Reinforcement Mod,Tier 2 Armor*,Vanguard Veteran*,Auto Rifle Loader*,Linear Fusion Rifle Loader,Shotgun Scavenger*,Special Ammo Finder
"Tangled Web Mark","919186882",6917529083603296512,,Legendary,Titan Mark,titan,580,Vault,true,false,2,4,,N/A,N/A,0,0,0,,Tier 2 Armor*,Innervation*,Recuperation,Hand Cannon Reserves*,Hand Cannon Scavenger
"Memory of Cayde Cloak","625602056",6917529081799008817,,Legendary,Hunter Cloak,hunter,565,Vault,true,false,2,4,,N/A,N/A,0,0,0,,Paragon Mod*,Tier 2 Armor*,Insulation*,Heavy Ammo Finder*
"Reverie Dawn Tabard","2859583726",6917529082492759675,,Legendary,Chest Armor,warlock,599,Vault,true,false,2,4,,N/A,N/A,3,1,0,,Mobile Warlock Armor*,Mobility Enhancement Mod*,Restorative Mod,Riven's Curse*,Tier 3 Armor*,Burnished Dreams*,Unflinching Scout Rifle Aim,Enhanced Unflinching Sniper Aim,Enhanced Unflinching Linear Fusion Aim*,Pulse Rifle Reserves*,Special Ammo Finder
"Shards of Galanor","1098931325",6917529068591310474,,Exotic,Gauntlets,hunter,510,Vault,true,false,2,4,,N/A,N/A,1,0,2,,Sharp Edges*,Mobility Enhancement Mod,Plasteel Reinforcement Mod*,Pulse Rifle Loader,Momentum Transfer*,Enhanced Grenade Launcher Loader,Fusion Rifle Scavenger,Rocket Launcher Scavenger*
"Sealed Ahamkara Grasps","2166230715",6917529075134637613,,Exotic,Gauntlets,hunter,512,Vault,true,false,1,3,,N/A,N/A,2,0,1,,Nightmare Fuel*,Mobility Enhancement Mod*,Plasteel Reinforcement Mod,Fusion Rifle Loader*,Momentum Transfer,Enhanced Rocket Launcher Loader,Grenade Launcher Scavenger*,Linear Fusion Rifle Scavenger
"Scatterhorn Mask","2276115770",6917529073133428985,,Legendary,Helmet,hunter,521,Vault,true,false,2,4,,N/A,N/A,1,0,2,,Heavy Hunter Armor*,Plasteel Reinforcement Mod*,Restorative Mod,Tier 1 Armor*,Tangled Rust*,Bow Targeting,Scatter Projectile Targeting*,Grenade Launcher Reserves*,Linear Fusion Rifle Reserves
"Tangled Web Gauntlets","42219189",6917529083635553058,,Legendary,Gauntlets,titan,600,Vault,true,false,2,4,,N/A,N/A,0,1,2,,Restorative Titan Armor*,Plasteel Reinforcement Mod*,Restorative Mod,Tier 3 Armor*,Fusion Rifle Loader*,Power Weapon Loader,Special Ammo Finder*,Machine Gun Scavenger
"Reverie Dawn Plate","4070309619",6917529080171934477,,Legendary,Chest Armor,titan,600,Vault,true,false,2,4,,N/A,N/A,2,0,2,,Mobile Titan Armor*,Plasteel Reinforcement Mod*,Restorative Mod,Riven's Curse*,Tier 1 Armor*,Burnished Dreams*,Unflinching Sniper Aim*,Enhanced Unflinching Bow Aim,Enhanced Unflinching Sniper Aim,Auto Rifle Reserves*,Pulse Rifle Reserves
"Prodigal Mark","1266060945",6917529082589884084,,Legendary,Titan Mark,titan,583,Vault,true,false,2,4,,N/A,N/A,0,0,0,,Tier 1 Armor*,Innervation*,Better Already,Shotgun Reserves*,Sword Scavenger
"Lustrous Chromite Gauntlets","870527944",6917529080850451333,,Legendary,Gauntlets,titan,10,Vault,true,false,2,4,Festival of the Lost,N/A,N/A,0,1,2,,Tier 1 Armor*,Restorative Titan Armor*,Plasteel Reinforcement Mod*,Restorative Mod,Sniper Rifle Loader*,Impact Induction,Shotgun Scavenger*,Sword Scavenger
"Prodigal Grasps","2762426792",6917529084194611120,,Legendary,Gauntlets,hunter,585,Vault,true,false,2,4,,N/A,N/A,2,1,0,,Survivalist Hunter Armor*,Mobility Enhancement Mod*,Plasteel Reinforcement Mod,Tier 1 Armor*,Fastball*,Momentum Transfer,Fusion Rifle Scavenger*,Machine Gun Scavenger
"Dragonfly Regalia Grasps","3523029112",6917529079638640771,,Legendary,Gauntlets,hunter,10,Vault,true,false,2,4,,N/A,N/A,3,0,0,,Tier 1 Armor*,Mobile Hunter Armor*,Mobility Enhancement Mod*,Plasteel Reinforcement Mod,Auto Rifle Loader*,Hand Cannon Loader,Linear Fusion Rifle Scavenger*,Sniper Rifle Scavenger
"Scatterhorn Strides","2563857333",6917529081340016844,,Legendary,Leg Armor,hunter,594,Vault,true,false,2,4,,N/A,N/A,1,0,2,,Heavy Hunter Armor*,Mobility Enhancement Mod,Plasteel Reinforcement Mod*,Tier 1 Armor*,Tangled Rust*,Pulse Rifle Dexterity*,Light Arms Dexterity,Pulse Rifle Scavenger*,Sidearm Scavenger
"Tangled Web Cloak","25091086",6917529084194611550,,Legendary,Hunter Cloak,hunter,587,Vault,true,false,2,4,,N/A,N/A,0,0,0,,Tier 3 Armor*,Insulation*,Invigoration,Linear Fusion Rifle Scavenger*,Sword Scavenger
"Tangled Web Boots","537272242",6917529084206192304,,Legendary,Leg Armor,warlock,584,Vault,true,false,2,4,,N/A,N/A,2,2,0,,Restorative Warlock Armor*,Mobility Enhancement Mod*,Plasteel Reinforcement Mod,Tier 2 Armor*,Traction*,Outreach,Hand Cannon Scavenger*,Pulse Rifle Scavenger
"Lustrous Chromite Helm","2253976433",6917529079813657630,,Legendary,Helmet,titan,10,Vault,true,false,2,4,Festival of the Lost,N/A,N/A,1,1,1,,Tier 1 Armor*,Restorative Titan Armor*,Mobility Enhancement Mod*,Restorative Mod,Ashes to Assets*,Pump Action,Fusion Rifle Reserves*,Special Ammo Finder
"Dragonfly Regalia Mask","2685109601",6917529082171133259,,Legendary,Helmet,hunter,10,Vault,true,false,2,4,,N/A,N/A,2,0,1,,Tier 1 Armor*,Mobile Hunter Armor*,Plasteel Reinforcement Mod*,Restorative Mod,Heavy Lifting*,Scatter Projectile Targeting,Shotgun Reserves*,Heavy Ammo Finder
"Tangled Web Robes","1034149520",6917529084215027034,,Legendary,Chest Armor,warlock,586,Vault,true,false,2,4,,N/A,N/A,1,2,1,,Restorative Warlock Armor*,Mobility Enhancement Mod*,Restorative Mod,Tier 1 Armor*,Unflinching Pulse Rifle Aim*,Unflinching Machine Gun,Auto Rifle Reserves*,Submachine Gun Reserves
"Tangled Web Boots","537272242",6917529084261638357,,Legendary,Leg Armor,warlock,582,Vault,true,false,2,4,,N/A,N/A,1,2,0,,Restorative Warlock Armor*,Mobility Enhancement Mod*,Plasteel Reinforcement Mod,Tier 2 Armor*,Bomber*,Outreach,Arrow Scavenger*,Submachine Gun Scavenger
"Tangled Web Strides","2206284939",6917529081799008327,,Legendary,Leg Armor,hunter,574,Vault,true,false,2,4,,N/A,N/A,1,1,1,,Survivalist Hunter Armor*,Mobility Enhancement Mod*,Restorative Mod,Tier 2 Armor*,Linear Fusion Dexterity*,Traction,Auto Rifle Scavenger*,Arrow Scavenger
"Vigil of Heroes","3213912958",6917529082302215271,,Legendary,Helmet,warlock,590,Vault,true,false,2,4,,N/A,N/A,0,2,1,,Restorative Warlock Armor*,Plasteel Reinforcement Mod*,Restorative Mod,Tier 1 Armor*,Vanguard Veteran*,Submachine Gun Targeting,Kinetic Weapon Targeting*,Special Ammo Finder*,Heavy Ammo Finder
"Vigil of Heroes","1054960580",6917529082577595794,,Legendary,Warlock Bond,warlock,600,Vault,true,false,2,4,,N/A,N/A,0,0,0,,Tier 1 Armor*,Vanguard Veteran*,Recuperation*,Better Already,Pulse Rifle Reserves*,Fusion Rifle Scavenger
"Reverie Dawn Boots","188778964",6917529084259071170,,Legendary,Leg Armor,warlock,590,Vault,true,false,2,4,,N/A,N/A,2,1,0,,Mobile Warlock Armor*,Mobility Enhancement Mod*,Plasteel Reinforcement Mod,Riven's Curse*,Tier 1 Armor*,Burnished Dreams*,Rocket Launcher Dexterity*,Perpetuation,Kinetic Dexterity,Pulse Rifle Scavenger*,Special Ammo Finder
"Prodigal Hood","2012084760",6917529084274977214,,Legendary,Helmet,warlock,591,Vault,true,false,2,4,,N/A,N/A,1,2,0,,Restorative Warlock Armor*,Mobility Enhancement Mod*,Restorative Mod,Tier 1 Armor*,Hand Cannon Targeting*,Ashes to Assets,Rocket Launcher Reserves*,Machine Gun Reserves
"Scatterhorn Wraps","1069453608",6917529082334965691,,Legendary,Gauntlets,warlock,592,Vault,true,false,2,4,,N/A,N/A,0,2,1,,Restorative Warlock Armor*,Mobility Enhancement Mod,Plasteel Reinforcement Mod*,Tier 2 Armor*,Tangled Rust*,Rocket Launcher Loader,Momentum Transfer*,Linear Fusion Rifle Scavenger*,Sword Scavenger
"Lustrous Chromite Mark","1727527805",6917529080028896410,,Legendary,Titan Mark,titan,10,Vault,true,false,2,4,Festival of the Lost,N/A,N/A,0,0,0,,Tier 1 Armor*,Insulation*,Innervation,Grenade Launcher Reserves*,Primary Ammo Finder
"Dragonfly Regalia Mark","3378116217",6917529066925312320,,Legendary,Titan Mark,titan,10,Vault,true,false,2,4,,N/A,N/A,0,0,0,,Tier 2 Armor*,Invigoration*,Recuperation,Rocket Launcher Scavenger*,Submachine Gun Scavenger
"Tangled Web Robes","1034149520",6917529082645933165,,Legendary,Chest Armor,warlock,600,Vault,true,false,2,4,,N/A,N/A,1,2,1,,Restorative Warlock Armor*,Mobility Enhancement Mod*,Restorative Mod,Tier 1 Armor*,Unflinching Kinetic Aim*,Unflinching Energy Aim,Bow Reserves,Pulse Rifle Reserves*
"Reverie Dawn Gauntlets","2503434573",6917529080248793146,,Legendary,Gauntlets,titan,563,Vault,true,false,2,4,,N/A,N/A,1,0,2,,Mobile Titan Armor*,Plasteel Reinforcement Mod*,Restorative Mod,Riven's Curse*,Tier 3 Armor*,Burnished Dreams*,Fusion Rifle Loader*,Impact Induction,Enhanced Grenade Launcher Loader,Fusion Rifle Scavenger*,Sniper Rifle Scavenger
"Symmetrists' Balance","776863956",6917529084281228931,,Legendary,Leg Armor,warlock,10,Vault,true,false,2,undefined,,N/A,N/A,1,2,0,,Tier 2 Armor*,Restorative Warlock Armor*,Mobility Enhancement Mod*,Plasteel Reinforcement Mod,Bomber*,Outreach,Arrow Scavenger*,Hand Cannon Scavenger
"Scatterhorn Helm","1862088022",6917529084480124727,,Legendary,Helmet,titan,594,Vault,false,false,2,4,,N/A,N/A,0,0,3,,Heavy Titan Armor*,Plasteel Reinforcement Mod*,Restorative Mod,Tier 3 Armor*,Tangled Rust*,Shotgun Targeting*,Hands-On,Rocket Launcher Reserves*,Sword Reserves
"Prodigal Cuirass","3850634012",6917529084480126290,,Legendary,Chest Armor,titan,591,Vault,true,false,2,4,,N/A,N/A,1,1,2,,Restorative Titan Armor*,Plasteel Reinforcement Mod*,Restorative Mod,Tier 1 Armor*,Unflinching Fusion Rifle Aim*,Unflinching Light Arms Aim,Pulse Rifle Reserves*,Special Ammo Finder
"Lustrous Chromite Greaves","1547512994",6917529080005386754,,Legendary,Leg Armor,titan,10,Vault,true,false,2,4,Festival of the Lost,N/A,N/A,2,1,0,,Tier 1 Armor*,Restorative Titan Armor*,Mobility Enhancement Mod*,Restorative Mod,Power Dexterity*,Light Arms Dexterity,Arrow Scavenger*,Primary Ammo Finder
"Dragonfly Regalia Strides","1558296754",6917529080011062452,,Legendary,Leg Armor,hunter,10,Vault,true,false,2,4,,N/A,N/A,3,0,0,,Tier 2 Armor*,Mobile Hunter Armor*,Mobility Enhancement Mod*,Plasteel Reinforcement Mod,Dynamo*,Arrow Scavenger*
"Reverie Dawn Strides","344548395",6917529081877028782,,Legendary,Leg Armor,hunter,599,Vault,true,false,2,4,,N/A,N/A,0,2,1,,Survivalist Hunter Armor*,Mobility Enhancement Mod,Restorative Mod*,Riven's Curse*,Tier 1 Armor*,Burnished Dreams*,Submachine Gun Dexterity,Bomber,Dynamo*,Pulse Rifle Scavenger*,Submachine Gun Scavenger
"Ancient Apocalypse Cloak","3184912423",6917529084286338806,,Legendary,Hunter Cloak,hunter,590,Vault,true,false,2,4,,N/A,N/A,0,0,0,,Tier 1 Armor*,Gambit Leather*,Insulation*,Invigoration,Hand Cannon Reserves*,Rocket Launcher Scavenger
"Vigil of Heroes","2072877132",6917529083788479340,,Legendary,Leg Armor,hunter,600,Vault,true,false,2,4,,N/A,N/A,2,0,1,,Heavy Hunter Armor*,Mobility Enhancement Mod*,Restorative Mod,Tier 2 Armor*,Vanguard Veteran*,Perpetuation*,Dynamo,Scout Rifle Scavenger*,Submachine Gun Scavenger
"Scatterhorn Plate","3871458129",6917529084477124328,,Legendary,Chest Armor,titan,595,Vault,false,false,2,4,,N/A,N/A,0,1,3,,Heavy Titan Armor*,Plasteel Reinforcement Mod*,Restorative Mod,Tier 1 Armor*,Tangled Rust*,Unflinching Fusion Rifle Aim*,Unflinching Shotgun Aim,Scout Rifle Reserves*,Special Ammo Finder
"Scatterhorn Vest","307138509",6917529084299084983,,Legendary,Chest Armor,hunter,589,Vault,true,false,2,4,,N/A,N/A,1,0,3,,Heavy Hunter Armor*,Plasteel Reinforcement Mod*,Restorative Mod,Tier 3 Armor*,Tangled Rust*,Unflinching Sidearm Aim*,Unflinching Power Aim,Bow Reserves*,Hand Cannon Reserves
"Dragonfly Regalia Greaves","2000262854",6917529080174792897,,Legendary,Leg Armor,titan,10,Vault,true,false,2,4,,N/A,N/A,3,1,0,,Tier 2 Armor*,Restorative Titan Armor*,Mobility Enhancement Mod*,Restorative Mod,Traction*,Oversize Weapon Dexterity,Scout Rifle Scavenger*,Special Ammo Finder
"Scatterhorn Greaves","2243444841",6917529084477128571,,Legendary,Leg Armor,titan,596,Vault,false,false,2,4,,N/A,N/A,1,0,2,,Heavy Titan Armor*,Mobility Enhancement Mod*,Plasteel Reinforcement Mod,Tier 3 Armor*,Tangled Rust*,Fusion Rifle Dexterity*,Machine Gun Dexterity,Pulse Rifle Scavenger*,Special Ammo Finder
"Scatterhorn Mark","1347463276",6917529084483123569,,Legendary,Titan Mark,titan,594,Vault,false,false,2,4,,N/A,N/A,0,0,0,,Tier 1 Armor*,Tangled Rust*,Innervation*,Invigoration,Fusion Rifle Reserves*,Pulse Rifle Scavenger
"Prodigal Mask","4104298449",6917529082186209472,,Legendary,Helmet,hunter,600,Vault,true,false,2,4,,N/A,N/A,1,1,1,,Survivalist Hunter Armor*,Plasteel Reinforcement Mod*,Restorative Mod,Tier 1 Armor*,Hands-On,Power Weapon Targeting*,Fusion Rifle Reserves,Heavy Ammo Finder*
"Prodigal Cloak","1693706589",6917529082083927129,,Legendary,Hunter Cloak,hunter,576,Vault,true,false,2,4,,N/A,N/A,0,0,0,,Tier 1 Armor*,Insulation*,Innervation,Sidearm Scavenger*,Special Ammo Finder
"Torobatl Celebration Mask","2007698582",6917529066906374664,,Legendary,Helmet,titan,500,Vault,true,false,2,4,,N/A,N/A,0,0,3,,Heavy Titan Armor*,Plasteel Reinforcement Mod*,Mobility Enhancement Mod,Restorative Mod,Super Mod*,Tier 1 Armor*,Heavy Lifting*,Heavy Ammo Finder*
"Vigil of Heroes","3670149407",6917529081792917193,,Legendary,Hunter Cloak,hunter,600,Vault,true,false,2,4,,N/A,N/A,0,0,0,,Tier 1 Armor*,Vanguard Veteran*,Invigoration*,Recuperation,Fusion Rifle Reserves*,Scout Rifle Scavenger
"Reverie Dawn Gauntlets","2503434573",6917529083165625671,,Legendary,Gauntlets,titan,581,Vault,true,false,2,4,,N/A,N/A,1,0,2,,Mobile Titan Armor*,Plasteel Reinforcement Mod*,Restorative Mod,Riven's Curse*,Tier 1 Armor*,Burnished Dreams*,Submachine Gun Loader*,Momentum Transfer,Enhanced Momentum Transfer,Linear Fusion Rifle Scavenger*,Shotgun Scavenger
"Scatterhorn Mask","2276115770",6917529078236922950,,Legendary,Helmet,hunter,535,Vault,true,false,2,4,,N/A,N/A,1,0,2,,Heavy Hunter Armor*,Plasteel Reinforcement Mod*,Restorative Mod,Tier 1 Armor*,Tangled Rust*,Sidearm Targeting,Precision Weapon Targeting*,Sword Reserves,Special Ammo Finder*
"Prodigal Cuirass","3850634012",6917529080342897989,,Legendary,Chest Armor,titan,565,Vault,true,false,2,4,,N/A,N/A,1,1,2,,Restorative Titan Armor*,Plasteel Reinforcement Mod*,Restorative Mod,Tier 2 Armor*,Unflinching Grenade Launcher Aim*,Unflinching Light Arms Aim,Hand Cannon Reserves*,Scout Rifle Reserves
"Prodigal Helm","2753581141",6917529083396082233,,Legendary,Helmet,titan,582,Vault,true,false,2,4,,N/A,N/A,1,1,1,,Restorative Titan Armor*,Mobility Enhancement Mod*,Restorative Mod,Tier 2 Armor*,Bow Targeting*,Pump Action,Grenade Launcher Reserves*,Special Ammo Finder
"Skerren Corvus Grasps","4187872788",6917529080973366898,,Legendary,Gauntlets,hunter,10,Vault,true,false,2,4,Festival of the Lost,N/A,N/A,3,0,0,,Tier 2 Armor*,Mobile Hunter Armor*,Mobility Enhancement Mod*,Plasteel Reinforcement Mod,Fastball*,Impact Induction,Fusion Rifle Scavenger*,Grenade Launcher Scavenger
